# time,pos_x,pos_y,vel_x,vel_y,mre_x,mre_y,gol_x,gol_y,rpn_x,rpn_y,fin_x,fin_y,tile
0.000000,-0.557144,0.474754,0.035800,0.006679,-0.000000,0.000000,10.571443,-9.747537,-2.705781,3.093371,0.035355,0.006620,24.128841
0.020000,-0.554840,0.473550,0.195016,-0.127344,0.000000,0.000000,10.548396,-9.735503,-2.711519,3.100692,0.165620,-0.108518,24.176377
0.040000,-0.549340,0.469654,0.354762,-0.262254,-0.000000,0.000000,10.493396,-9.696535,-2.723051,3.099806,0.163197,-0.122450,24.309611
0.060000,-0.540676,0.463076,0.510473,-0.394663,-0.000000,-0.000000,10.406756,-9.630764,-2.742472,3.095040,-0.080500,0.056568,24.522856
0.080000,-0.528989,0.453917,0.655878,-0.519589,-0.000000,-0.000000,10.289893,-9.539168,-2.769329,3.094478,-0.618337,0.477202,24.797761
0.100000,-0.514552,0.442379,0.784627,-0.631705,-0.000000,-0.000000,10.145519,-9.423785,-2.801697,3.100400,-1.410681,1.113714,25.104318
0.120000,-0.497747,0.428761,0.892094,-0.726979,-0.000000,0.000000,9.977468,-9.287614,-2.843031,3.113029,-2.335900,1.871434,25.408683
0.140000,-0.479023,0.413424,0.976465,-0.803661,0.000000,-0.000000,9.790228,-9.134238,-2.895495,3.133171,-3.247587,2.630903,25.683145
0.160000,-0.458836,0.396736,1.038666,-0.862287,0.000000,-0.000000,9.588364,-8.967357,-2.958256,3.160766,-4.033599,3.296036,25.911857
0.180000,-0.437606,0.379039,1.081401,-0.904933,0.000000,-0.000000,9.376060,-8.790390,-3.030715,3.197623,-4.639708,3.815810,26.090446
0.200000,-0.415688,0.360627,1.108041,-0.934283,0.000000,-0.000000,9.156876,-8.606270,-3.110848,3.246690,-5.059694,4.178910,26.222012
0.220000,-0.393369,0.341738,1.121904,-0.953020,0.000000,0.000000,8.933695,-8.417384,-3.196218,3.306890,-5.313528,4.397579,26.312756
0.240000,-0.370877,0.322561,1.125857,-0.963517,0.000000,0.000000,8.708774,-8.225610,-3.291197,3.379874,-5.426810,4.492662,26.368448
0.260000,-0.348386,0.303240,1.122231,-0.967739,0.000000,0.000000,8.483856,-8.032395,-3.400102,3.467260,-5.420500,4.479941,26.388236
0.280000,-0.326025,0.283881,1.113142,-0.967592,-0.000000,-0.000000,8.260248,-7.838807,-3.521208,3.567898,-5.289574,4.352658,26.374515
0.300000,-0.303880,0.264551,1.101067,-0.965261,0.000000,-0.000000,8.038799,-7.645507,-3.649684,3.677622,-5.021731,4.096920,26.327108
0.320000,-0.281984,0.245269,1.088724,-0.962990,-0.000000,0.000000,7.819836,-7.452694,-3.788821,3.795196,-4.618588,3.751235,26.258825
0.340000,-0.260320,0.226026,1.077928,-0.961459,0.000000,-0.000000,7.603202,-7.260260,-3.938877,3.919751,-4.158567,3.400878,26.189786
0.360000,-0.238857,0.206808,1.068604,-0.960295,0.000000,0.000000,7.388566,-7.068084,-4.095515,4.052537,-3.735984,3.079229,26.128583
0.380000,-0.217571,0.187618,1.060041,-0.958544,-0.000000,0.000000,7.175709,-6.876182,-4.257163,4.198652,-3.339471,2.793373,26.051762
0.400000,-0.196455,0.168472,1.051585,-0.956208,-0.000000,0.000000,6.964550,-6.684715,-4.424462,4.355485,-2.948304,2.431457,25.914638
0.420000,-0.175502,0.149369,1.043850,-0.953930,-0.000000,0.000000,6.755019,-6.493690,-4.597347,4.520609,-2.528087,2.112297,25.744938
0.440000,-0.154700,0.130326,1.036241,-0.949825,0.000000,-0.000000,6.546999,-6.303264,-4.778134,4.697573,-2.174377,1.895011,25.594360
0.460000,-0.134063,0.111402,1.027094,-0.941802,0.000000,0.000000,6.340626,-6.114022,-4.969800,4.885993,-1.892794,1.752261,25.471597
0.480000,-0.113636,0.092689,1.014911,-0.928568,-0.000000,0.000000,6.136364,-5.926892,-5.182971,5.099133,-1.660047,1.631222,25.367822
0.500000,-0.093495,0.074298,0.998449,-0.909525,0.000000,0.000000,5.934947,-5.742982,-5.430530,5.351272,-1.453167,1.496842,25.277026
0.520000,-0.073734,0.056350,0.976655,-0.884150,0.000000,0.000000,5.737341,-5.563504,-5.718229,5.650008,-1.255411,1.351844,25.195029
0.540000,-0.054469,0.038979,0.948768,-0.851716,-0.000000,0.000000,5.544691,-5.389792,-6.052831,6.007867,-1.052739,1.198926,25.110674
0.560000,-0.035831,0.022337,0.913657,-0.810957,0.000000,-0.000000,5.358314,-5.223374,-6.466742,6.457049,-0.856741,1.032728,25.016358
0.580000,-0.017984,0.006605,0.869376,-0.760580,-0.000000,0.000000,5.179838,-5.066048,-6.970119,7.007204,-0.692747,0.844294,24.917479
0.600000,-0.001133,-0.008011,0.813540,-0.698916,0.000000,-0.000000,5.011333,-4.919893,-7.573541,7.669326,-0.560096,0.650635,24.822004
0.620000,0.014463,-0.021261,0.743440,-0.623661,0.000000,-0.000000,4.855370,-4.787385,-8.310512,8.473278,-0.462737,0.466392,24.730903
0.640000,0.028486,-0.032845,0.655515,-0.531647,0.000000,0.000000,4.715145,-4.671545,-9.229732,9.465701,-0.394802,0.287041,24.640522
0.660000,0.040536,-0.042389,0.545487,-0.418811,-0.000000,-0.000000,4.594635,-4.576110,-10.383606,10.690412,-0.350408,0.137054,24.553552
0.680000,0.050121,-0.049420,0.407765,-0.279222,0.000000,-0.000000,4.498791,-4.505798,-11.870186,12.239787,-0.324796,0.044612,24.479007
0.700000,0.056612,-0.053323,0.234729,-0.104208,-0.000000,0.000000,4.433878,-4.466774,-13.832510,14.273619,-0.291706,0.019843,24.430259
0.720000,0.059208,-0.053271,0.016284,0.118547,0.000000,-0.000000,4.407918,-4.467291,-16.459310,16.996760,-0.219675,0.048234,24.435919
0.740000,0.056871,-0.048163,-0.260770,0.403618,-0.000000,-0.000000,4.431293,-4.518373,-19.839633,20.470757,-0.044264,-0.011244,24.559240
0.760000,0.048379,-0.036708,-0.596485,0.750328,-0.000000,-0.000000,4.516205,-4.632919,-22.835559,23.627503,0.453459,-0.533563,24.889904
0.780000,0.032818,-0.017948,-0.960167,1.126325,-0.000000,0.000000,4.671819,-4.820521,-24.415189,25.597478,1.743668,-2.146632,25.496096
0.800000,0.010170,0.008149,-1.294043,1.472773,0.000000,-0.000000,4.898298,-5.081493,-24.011546,25.781827,4.272172,-5.240734,26.303573
0.820000,-0.018333,0.040349,-1.537851,1.728786,-0.000000,-0.000000,5.183328,-5.403494,-21.966424,24.280930,7.409760,-8.902295,27.047996
0.840000,-0.050600,0.076552,-1.671729,1.873931,0.000000,-0.000000,5.506002,-5.765515,-19.360718,21.902003,9.612750,-11.387031,27.482787
0.860000,-0.084618,0.114707,-1.718126,1.929374,-0.000000,-0.000000,5.846180,-6.147071,-16.848016,19.356555,10.341693,-12.139018,27.603963
0.880000,-0.118947,0.153340,-1.707603,1.926532,0.000000,0.000000,6.189474,-6.533400,-14.689438,17.050284,10.011287,-11.671773,27.526104
0.900000,-0.152704,0.191542,-1.663986,1.889363,0.000000,0.000000,6.527039,-6.915418,-12.914762,15.084381,9.122272,-10.616289,27.346303
0.920000,-0.185384,0.228782,-1.601686,1.832208,-0.000000,-0.000000,6.853836,-7.287824,-11.451770,13.448956,8.026952,-9.358796,27.123179
0.940000,-0.216701,0.264753,-1.528713,1.763371,0.000000,0.000000,7.167011,-7.647533,-10.253327,12.092620,6.922463,-8.096164,26.888398
0.960000,-0.246489,0.299269,-1.449226,1.687204,-0.000000,-0.000000,7.464891,-7.992690,-9.258843,10.964906,5.889045,-6.921583,26.657073
0.980000,-0.274641,0.332207,-1.365404,1.605844,-0.000000,0.000000,7.746415,-8.322071,-8.428025,10.019103,4.957926,-5.873465,26.437703
1.000000,-0.301086,0.363477,-1.278768,1.520618,0.000000,-0.000000,8.010865,-8.634770,-7.731251,9.224846,4.097548,-4.925572,26.226028
1.020000,-0.325781,0.393014,-1.190465,1.432686,0.000000,-0.000000,8.257814,-8.930140,-7.142136,8.552279,3.339677,-4.075972,26.031240
1.040000,-0.348694,0.420771,-1.100479,1.342866,0.000000,0.000000,8.486936,-9.207715,-6.639069,7.977727,2.691176,-3.281553,25.840440
1.060000,-0.369792,0.446730,-1.009298,1.253362,-0.000000,-0.000000,8.697923,-9.467301,-6.210451,7.485392,2.076197,-2.426417,25.606847
1.080000,-0.389070,0.470925,-0.918779,1.166485,-0.000000,0.000000,8.890700,-9.709249,-5.841045,7.061114,1.426856,-1.650305,25.350580
1.100000,-0.406556,0.493397,-0.830073,1.080779,0.000000,0.000000,9.065563,-9.933971,-5.522420,6.698760,0.869744,-1.048721,25.120702
1.120000,-0.422274,0.514154,-0.741630,0.994715,0.000000,0.000000,9.222743,-10.141538,-5.248679,6.390061,0.469172,-0.583986,24.925235
1.140000,-0.436213,0.533174,-0.651896,0.906852,0.000000,0.000000,9.362128,-10.331737,-5.013126,6.128690,0.191307,-0.259016,24.767684
1.160000,-0.448334,0.550407,-0.559679,0.815841,0.000000,0.000000,9.483335,-10.504069,-4.812928,5.908808,0.018329,-0.052782,24.647245
1.180000,-0.458578,0.565779,-0.464134,0.720652,0.000000,0.000000,9.585777,-10.657794,-4.643087,5.725785,-0.073435,0.056006,24.562155
1.200000,-0.466874,0.579201,-0.364854,0.620637,-0.000000,-0.000000,9.668738,-10.792006,-4.501158,5.577348,-0.112178,0.090252,24.505098
1.220000,-0.473151,0.590573,-0.262421,0.515908,0.000000,-0.000000,9.731505,-10.905732,-4.384648,5.458212,-0.170093,0.113060,24.435233
1.240000,-0.477356,0.599815,-0.157773,0.407764,0.000000,-0.000000,9.773563,-10.998146,-4.290171,5.368308,-0.190667,0.151262,24.339064
1.260000,-0.479445,0.606863,-0.050700,0.296507,-0.000000,0.000000,9.794451,-11.068631,-4.217560,5.305218,-0.164157,0.112284,24.267856
1.280000,-0.479369,0.611652,0.058743,0.181841,-0.000000,-0.000000,9.793688,-11.116516,-4.166579,5.270959,-0.085052,0.045784,24.221152
1.300000,-0.477075,0.614122,0.171137,0.064895,0.000000,0.000000,9.770751,-11.141219,-4.136335,5.266106,0.056046,-0.014114,24.201072
1.320000,-0.472508,0.614238,0.285858,-0.053467,0.000000,-0.000000,9.725076,-11.142378,-4.127932,5.290779,0.167875,-0.086766,24.226080
1.340000,-0.465638,0.611980,0.400925,-0.172257,-0.000000,0.000000,9.656384,-11.119803,-4.140588,5.345396,0.205084,-0.154860,24.295307
1.360000,-0.456485,0.607354,0.513954,-0.290001,0.000000,-0.000000,9.564845,-11.073542,-4.173909,5.431796,0.178339,-0.180657,24.396269
1.380000,-0.445106,0.600404,0.623136,-0.404185,-0.000000,0.000000,9.451058,-11.004041,-4.229135,5.549333,0.112440,-0.123211,24.508871
1.400000,-0.431597,0.591226,0.726647,-0.512547,0.000000,-0.000000,9.315968,-10.912257,-4.302954,5.700374,-0.013408,-0.031431,24.612970
1.420000,-0.416092,0.579953,0.822424,-0.613317,-0.000000,0.000000,9.160916,-10.799529,-4.397840,5.884642,-0.199371,0.097055,24.722264
1.440000,-0.398764,0.566757,0.908603,-0.704477,0.000000,0.000000,8.987638,-10.667569,-4.510321,6.102281,-0.438565,0.288405,24.846006
1.460000,-0.379823,0.551854,0.983395,-0.783566,0.000000,-0.000000,8.798234,-10.518544,-4.642411,6.356640,-0.729482,0.547773,24.984379
1.480000,-0.359514,0.535509,1.045327,-0.848448,0.000000,-0.000000,8.595141,-10.355092,-4.789425,6.641068,-1.040053,0.849169,25.122636
1.500000,-0.338098,0.518017,1.094066,-0.898374,-0.000000,0.000000,8.380984,-10.180171,-4.949859,6.956627,-1.321671,1.076705,25.223388
1.520000,-0.315838,0.499664,1.129807,-0.934845,-0.000000,-0.000000,8.158384,-9.996637,-5.119604,7.292163,-1.568571,1.195015,25.286444
1.540000,-0.292988,0.480706,1.153301,-0.958858,0.000000,0.000000,7.929881,-9.807061,-5.293583,7.648461,-1.740120,1.268278,25.326519
1.560000,-0.269777,0.461392,1.166214,-0.970522,0.000000,-0.000000,7.697768,-9.613919,-5.467348,8.015278,-1.820400,1.318119,25.346706
1.580000,-0.246397,0.441964,1.170491,-0.970333,0.000000,0.000000,7.463969,-9.419643,-5.635435,8.386731,-1.804780,1.324996,25.346724
1.600000,-0.223007,0.422652,1.167284,-0.959216,-0.000000,0.000000,7.230071,-9.226516,-5.789664,8.750867,-1.768045,1.283697,25.332707
1.620000,-0.199743,0.403660,1.158390,-0.938394,0.000000,0.000000,6.997428,-9.036603,-5.928380,9.098301,-1.628307,1.202822,25.293962
1.640000,-0.176702,0.385172,1.144958,-0.909107,0.000000,-0.000000,6.767020,-8.851724,-6.041969,9.418669,-1.505314,1.082964,25.250993
1.660000,-0.153973,0.367342,1.127311,-0.872847,-0.000000,0.000000,6.539726,-8.673423,-6.124838,9.697269,-1.397257,0.943807,25.205700
1.680000,-0.131635,0.350297,1.105885,-0.830852,0.000000,-0.000000,6.316350,-8.502969,-6.174053,9.927876,-1.294171,0.792932,25.156844
1.700000,-0.109753,0.334137,1.082185,-0.784551,0.000000,-0.000000,6.097529,-8.341367,-6.179299,10.089083,-1.116177,0.656010,25.090771
1.720000,-0.088349,0.318936,1.058237,-0.735083,-0.000000,-0.000000,5.883489,-8.189362,-6.148863,10.189476,-0.925511,0.527231,25.022154
1.740000,-0.067419,0.304744,1.034875,-0.684024,0.000000,0.000000,5.674194,-8.047437,-6.073119,10.209413,-0.741723,0.407825,24.952659
1.760000,-0.046946,0.291577,1.012637,-0.632652,-0.000000,0.000000,5.469462,-7.915774,-5.960116,10.161966,-0.593659,0.306371,24.892835
1.780000,-0.026906,0.279429,0.991585,-0.582565,0.000000,-0.000000,5.269062,-7.794289,-5.807373,10.038748,-0.478812,0.200674,24.833186
1.800000,-0.007273,0.268257,0.971995,-0.535145,0.000000,-0.000000,5.072728,-7.682569,-5.625043,9.852657,-0.391255,0.121016,24.786275
1.820000,0.011983,0.258000,0.953892,-0.491149,0.000000,-0.000000,4.880167,-7.580002,-5.415019,9.609705,-0.328245,0.073100,24.754137
1.840000,0.030894,0.248583,0.937428,-0.451330,0.000000,0.000000,4.691061,-7.485832,-5.187280,9.316631,-0.288813,0.038521,24.732985
1.860000,0.049490,0.239913,0.922405,-0.416446,0.000000,-0.000000,4.505098,-7.399132,-4.979304,9.047521,-0.250021,-0.011077,24.700108
1.880000,0.067796,0.231903,0.908272,-0.385002,0.000000,0.000000,4.322039,-7.319025,-4.835631,8.879325,-0.188586,-0.038447,24.663675
1.900000,0.085818,0.224503,0.893755,-0.355094,0.000000,-0.000000,4.141817,-7.245030,-4.742346,8.791681,-0.158677,-0.066113,24.639420
1.920000,0.103536,0.217698,0.877656,-0.325293,-0.000000,-0.000000,3.964645,-7.176980,-4.691400,8.771903,-0.121119,-0.080179,24.619081
1.940000,0.120916,0.211502,0.860162,-0.293986,0.000000,0.000000,3.790842,-7.115017,-4.676722,8.813600,-0.025876,-0.077909,24.584640
1.960000,0.137929,0.205955,0.840791,-0.260196,0.000000,0.000000,3.620707,-7.059549,-4.692765,8.913648,0.039501,-0.085766,24.551713
1.980000,0.154527,0.201117,0.818358,-0.222911,-0.000000,0.000000,3.454727,-7.011172,-4.736608,9.075891,0.057406,-0.096580,24.530430
2.000000,0.170633,0.197069,0.791419,-0.181040,0.000000,0.000000,3.293667,-6.970689,-4.805275,9.307848,0.042216,-0.104754,24.513766
2.020000,0.186154,0.193917,0.760003,-0.133031,-0.000000,0.000000,3.138459,-6.939165,-4.896417,9.618465,0.087750,-0.097541,24.480588
2.040000,0.201006,0.191800,0.724437,-0.077141,-0.000000,0.000000,2.989942,-6.918000,-5.011006,10.027538,0.131553,-0.083331,24.447017
2.060000,0.215102,0.190899,0.684468,-0.011067,0.000000,0.000000,2.848983,-6.908985,-5.151321,10.555861,0.208185,-0.039393,24.410064
2.080000,0.228359,0.191444,0.640445,0.068057,-0.000000,0.000000,2.716415,-6.914444,-5.318959,11.232156,0.275887,0.011234,24.366019
2.100000,0.240681,0.193727,0.590666,0.163177,-0.000000,-0.000000,2.593190,-6.937273,-5.517577,12.093881,0.256028,0.057024,24.346313
2.120000,0.251933,0.198103,0.533126,0.278029,0.000000,-0.000000,2.480667,-6.981028,-5.750637,13.190939,0.171557,0.100562,24.355659
2.140000,0.261945,0.205012,0.466598,0.417460,0.000000,-0.000000,2.380547,-7.050117,-6.015518,14.578443,0.096027,0.161431,24.384436
2.160000,0.270542,0.215005,0.391819,0.587265,0.000000,0.000000,2.294576,-7.150054,-6.269832,16.229409,0.054225,0.200648,24.428990
2.180000,0.277578,0.228699,0.311142,0.786298,0.000000,-0.000000,2.224217,-7.286989,-6.322359,17.688390,-0.011371,0.135400,24.521847
2.200000,0.282978,0.246584,0.228956,1.004195,0.000000,-0.000000,2.170220,-7.465843,-6.126682,18.739517,-0.112452,-0.154440,24.687488
2.220000,0.286759,0.268888,0.150268,1.225161,-0.000000,-0.000000,2.132406,-7.688877,-5.704919,19.263277,-0.172305,-0.749650,24.922136
2.240000,0.289052,0.295490,0.080907,1.431088,-0.000000,-0.000000,2.109484,-7.954904,-5.117461,19.226764,-0.149931,-1.650001,25.197239
2.260000,0.290085,0.325917,0.024777,1.605153,0.000000,0.000000,2.099154,-8.259173,-4.443411,18.690281,-0.101216,-2.736365,25.472388
2.280000,0.290140,0.359413,-0.016814,1.736958,0.000000,0.000000,2.098603,-8.594125,-3.761189,17.782614,-0.045114,-3.708188,25.686240
2.300000,0.289512,0.395102,-0.043483,1.824807,-0.000000,0.000000,2.104879,-8.951021,-3.129049,16.657079,0.055834,-4.380952,25.823018
2.320000,0.288494,0.432128,-0.056226,1.871212,0.000000,-0.000000,2.115063,-9.321281,-2.574791,15.449324,0.130638,-4.775204,25.900612
2.340000,0.287339,0.469705,-0.057604,1.880779,0.000000,0.000000,2.126611,-9.697046,-2.104347,14.252065,0.144178,-4.899282,25.927393
2.360000,0.286246,0.507155,-0.050431,1.859718,0.000000,-0.000000,2.137536,-10.071547,-1.713199,13.120756,0.105578,-4.747020,25.900187
2.380000,0.285362,0.543937,-0.037091,1.815185,-0.000000,-0.000000,2.146378,-10.439372,-1.391495,12.082984,0.045524,-4.345257,25.820525
2.400000,0.284798,0.579649,-0.018423,1.753570,-0.000000,-0.000000,2.152015,-10.796487,-1.127491,11.148040,0.032406,-3.773796,25.701089
2.420000,0.284655,0.613997,0.004610,1.679402,-0.000000,0.000000,2.153454,-11.139968,-0.910194,10.315194,-0.012882,-3.148679,25.562419
2.440000,0.285001,0.646759,0.030475,1.595316,-0.000000,0.000000,2.149986,-11.467590,-0.730586,9.578064,-0.067000,-2.535519,25.419236
2.460000,0.285889,0.677753,0.058593,1.502684,0.000000,-0.000000,2.141114,-11.777526,-0.580914,8.927955,-0.103300,-1.983473,25.284674
2.480000,0.287358,0.706814,0.088643,1.402244,-0.000000,-0.000000,2.126420,-12.068141,-0.454899,8.354899,-0.126412,-1.482895,25.153075
2.500000,0.289445,0.733799,0.120294,1.295295,-0.000000,0.000000,2.105550,-12.337994,-0.347951,7.849750,-0.137807,-1.005314,25.012201
2.520000,0.292181,0.758589,0.153624,1.182806,0.000000,0.000000,2.078190,-12.585890,-0.256429,7.405037,-0.108940,-0.572895,24.867092
2.540000,0.295603,0.781077,0.188866,1.065159,-0.000000,0.000000,2.043973,-12.810774,-0.176866,7.013615,-0.058309,-0.219444,24.727607
2.560000,0.299747,0.801157,0.225734,0.941775,-0.000000,0.000000,2.002534,-13.011571,-0.106766,6.669456,-0.023270,0.013709,24.617041
2.580000,0.304639,0.818705,0.263676,0.811840,0.000000,0.000000,1.953610,-13.187046,-0.044335,6.367594,0.015312,0.154277,24.529537
2.600000,0.310302,0.833587,0.302792,0.675378,0.000000,0.000000,1.896984,-13.335872,0.012150,6.103363,0.077174,0.252711,24.437368
2.620000,0.316759,0.845678,0.343174,0.532630,-0.000000,0.000000,1.832410,-13.456778,0.064000,5.873113,0.155480,0.286884,24.355513
2.640000,0.324037,0.854849,0.384739,0.383447,0.000000,0.000000,1.759634,-13.548494,0.112362,5.674218,0.226637,0.252007,24.296508
2.660000,0.332152,0.860972,0.426764,0.227757,0.000000,0.000000,1.678482,-13.609722,0.158275,5.504277,0.258643,0.161808,24.269648
2.680000,0.341105,0.863919,0.468432,0.065945,-0.000000,-0.000000,1.588953,-13.639188,0.202703,5.361223,0.273045,0.047666,24.266019
2.700000,0.350882,0.863575,0.509084,-0.101085,0.000000,0.000000,1.491178,-13.635751,0.246216,5.243350,0.259680,-0.068035,24.292528
2.720000,0.361457,0.859850,0.548093,-0.271869,-0.000000,0.000000,1.385427,-13.598502,0.289242,5.149112,0.221086,-0.150467,24.346295
2.740000,0.372788,0.852689,0.584416,-0.444282,-0.000000,-0.000000,1.272120,-13.526894,0.332477,5.077502,0.129025,-0.170384,24.431703
2.760000,0.384815,0.842085,0.617773,-0.615849,-0.000000,0.000000,1.151855,-13.420845,0.376202,5.026905,0.064103,-0.118105,24.528224
2.780000,0.397474,0.828081,0.647401,-0.783573,-0.000000,-0.000000,1.025258,-13.280809,0.420570,4.996121,-0.091036,0.056194,24.660900
2.800000,0.410672,0.810793,0.671303,-0.943622,0.000000,0.000000,0.893276,-13.107927,0.465759,4.984168,-0.338274,0.380115,24.826410
2.820000,0.424278,0.790412,0.687984,-1.092251,0.000000,0.000000,0.757222,-12.904123,0.511362,4.988734,-0.619985,0.818087,24.998330
2.840000,0.438146,0.767196,0.697868,-1.226990,0.000000,0.000000,0.618539,-12.671955,0.556658,5.007673,-0.823979,1.299347,25.154495
2.860000,0.452157,0.741435,0.702321,-1.346445,0.000000,-0.000000,0.478434,-12.414347,0.601035,5.039259,-0.987443,1.807091,25.296535
2.880000,0.466202,0.713449,0.701232,-1.449188,-0.000000,-0.000000,0.337979,-12.134492,0.643655,5.081366,-1.189333,2.356486,25.438215
2.900000,0.480164,0.683586,0.693841,-1.534082,0.000000,-0.000000,0.198364,-11.835864,0.683309,5.131763,-1.409441,2.910161,25.573699
2.920000,0.493920,0.652202,0.681112,-1.601706,0.000000,0.000000,0.060804,-11.522017,0.718479,5.188173,-1.503293,3.345232,25.669470
2.940000,0.507387,0.619619,0.665148,-1.654139,0.000000,-0.000000,-0.073874,-11.196190,0.747695,5.248663,-1.550380,3.684015,25.738931
2.960000,0.520507,0.586128,0.646521,-1.692842,0.000000,-0.000000,-0.205073,-10.861276,0.771226,5.323797,-1.545230,3.924484,25.784484
2.980000,0.533235,0.551991,0.625926,-1.718758,-0.000000,0.000000,-0.332351,-10.519907,0.790285,5.434305,-1.536677,4.100716,25.818065
3.000000,0.545533,0.517457,0.603584,-1.732680,-0.000000,-0.000000,-0.455326,-10.174574,0.802559,5.580817,-1.499900,4.177645,25.831130
3.020000,0.557370,0.482755,0.579922,-1.735830,-0.000000,-0.000000,-0.573696,-9.827554,0.805113,5.764740,-1.439845,4.154784,25.821972
3.040000,0.568725,0.448088,0.555548,-1.729350,-0.000000,0.000000,-0.687249,-9.480885,0.794400,5.988367,-1.332933,4.037634,25.792394
3.060000,0.579589,0.413639,0.530747,-1.714156,-0.000000,0.000000,-0.795890,-9.136390,0.766170,6.254336,-1.231118,3.858254,25.750719
3.080000,0.589949,0.379580,0.505078,-1.690386,0.000000,0.000000,-0.899487,-8.795796,0.715914,6.562501,-1.124374,3.632725,25.699852
3.100000,0.599785,0.346079,0.478421,-1.658399,0.000000,0.000000,-0.997851,-8.460787,0.651988,6.905722,-1.003996,3.345074,25.633350
3.120000,0.609082,0.313295,0.451261,-1.618659,0.000000,-0.000000,-1.090824,-8.132947,0.603479,7.319753,-0.873778,3.005929,25.553365
3.140000,0.617837,0.281389,0.424288,-1.570306,-0.000000,-0.000000,-1.178371,-7.813894,0.574768,7.845292,-0.732473,2.628075,25.461860
3.160000,0.626057,0.250552,0.397846,-1.511529,0.000000,0.000000,-1.260575,-7.505517,0.567903,8.518000,-0.615412,2.230504,25.362639
3.180000,0.633756,0.221016,0.372219,-1.439671,-0.000000,-0.000000,-1.337559,-7.210156,0.588874,9.385368,-0.492192,1.792038,25.247019
3.200000,0.640959,0.193074,0.348525,-1.351367,-0.000000,0.000000,-1.409594,-6.930740,0.649838,10.515805,-0.363589,1.321387,25.113680
3.220000,0.647716,0.167106,0.327701,-1.241270,-0.000000,0.000000,-1.477156,-6.671056,0.772867,12.009549,-0.240117,0.833862,24.960439
3.240000,0.654097,0.143624,0.311257,-1.100943,0.000000,-0.000000,-1.540965,-6.436239,0.996608,14.016276,-0.135908,0.382014,24.797412
3.260000,0.660212,0.123351,0.301848,-0.917964,-0.000000,0.000000,-1.602124,-6.233506,1.388477,16.762712,-0.011026,-0.034011,24.605661
3.280000,0.666248,0.107316,0.304152,-0.673070,0.000000,0.000000,-1.662477,-6.073157,2.068733,20.603297,0.113146,-0.287473,24.409941
3.300000,0.672506,0.097041,0.325805,-0.335720,0.000000,-0.000000,-1.725065,-5.970405,3.257861,26.089813,0.217900,-0.247709,24.251831
3.320000,0.679488,0.094758,0.378643,0.130533,0.000000,0.000000,-1.794883,-5.947582,5.123259,32.591675,0.295411,0.108847,24.216811
3.340000,0.687928,0.103133,0.472326,0.725334,0.000000,-0.000000,-1.879278,-6.031331,7.498316,38.062435,0.092409,0.167162,24.511602
3.360000,0.698626,0.124212,0.601828,1.383644,0.000000,0.000000,-1.986256,-6.242123,9.796632,40.524783,-0.808485,-1.809504,25.280586
3.380000,0.712062,0.158033,0.740126,1.975542,0.000000,0.000000,-2.120618,-6.580334,11.220520,39.100314,-2.590480,-6.861862,26.362811
3.400000,0.728052,0.201986,0.852346,2.383899,0.000000,-0.000000,-2.280519,-7.019862,11.484903,34.951412,-4.633059,-12.931569,27.338034
3.420000,0.745864,0.251984,0.921667,2.584136,0.000000,-0.000000,-2.458642,-7.519841,10.940797,29.978766,-6.062580,-16.949233,27.905582
3.440000,0.764668,0.304304,0.953632,2.627571,0.000000,-0.000000,-2.646678,-8.043044,10.060583,25.384430,-6.517998,-17.946687,28.040645
3.460000,0.783849,0.356473,0.961424,2.578091,-0.000000,0.000000,-2.838493,-8.564731,9.138159,21.561141,-6.333892,-16.979565,27.918472
3.480000,0.803031,0.407104,0.954974,2.479450,0.000000,-0.000000,-3.030306,-9.071044,8.295681,18.496448,-5.818673,-15.093016,27.669298
3.500000,0.822001,0.455503,0.941305,2.358174,0.000000,-0.000000,-3.220011,-9.555032,7.565894,16.057982,-5.135495,-12.863644,27.352854
3.520000,0.840658,0.501369,0.923968,2.227393,-0.000000,-0.000000,-3.406585,-10.013692,6.946906,14.107926,-4.469955,-10.767144,27.042586
3.540000,0.858947,0.544575,0.904741,2.092961,-0.000000,0.000000,-3.589472,-10.445748,6.425214,12.532373,-3.814353,-8.819517,26.732444
3.560000,0.876846,0.585089,0.885030,1.958555,-0.000000,0.000000,-3.768455,-10.850893,5.985940,11.244774,-3.212547,-7.106573,26.439684
3.580000,0.894346,0.622919,0.864973,1.824420,-0.000000,0.000000,-3.943460,-11.229185,5.615674,10.180668,-2.680217,-5.647479,26.173347
3.600000,0.911445,0.658071,0.844967,1.690948,-0.000000,0.000000,-4.114448,-11.580706,5.302978,9.291902,-2.181764,-4.364119,25.915886
3.620000,0.928146,0.690559,0.825102,1.557854,0.000000,-0.000000,-4.281457,-11.905592,5.038908,8.542613,-1.754233,-3.305837,25.686765
3.640000,0.944448,0.720380,0.805177,1.424126,0.000000,0.000000,-4.444482,-12.203800,4.816144,7.905567,-1.360829,-2.401612,25.468902
3.660000,0.960355,0.747519,0.785462,1.289492,-0.000000,-0.000000,-4.603547,-12.475188,4.629111,7.359994,-1.015321,-1.662973,25.270493
3.680000,0.975865,0.771945,0.765518,1.152731,0.000000,-0.000000,-4.758647,-12.719451,4.473466,6.889812,-0.712572,-1.068992,25.089452
3.700000,0.990975,0.793611,0.745513,1.013339,0.000000,-0.000000,-4.909755,-12.936109,4.345900,6.482459,-0.445739,-0.598514,24.921643
3.720000,1.005682,0.812454,0.725087,0.870338,0.000000,0.000000,-5.056822,-13.124542,4.243948,6.128079,-0.217987,-0.253034,24.772173
3.740000,1.019976,0.828396,0.704205,0.723070,0.000000,0.000000,-5.199761,-13.283961,4.165740,5.818683,-0.027278,-0.019627,24.640966
3.760000,1.033845,0.841343,0.682589,0.570765,-0.000000,0.000000,-5.338452,-13.413433,4.110027,5.547807,0.132135,0.116181,24.525603
3.780000,1.047275,0.851190,0.660171,0.412905,0.000000,-0.000000,-5.472747,-13.511897,4.076033,5.310125,0.242025,0.161433,24.435903
3.800000,1.060243,0.857820,0.636468,0.249088,-0.000000,-0.000000,-5.602429,-13.578197,4.063369,5.101106,0.327883,0.134538,24.363107
3.820000,1.072725,0.861113,0.611499,0.079224,0.000000,0.000000,-5.727253,-13.611128,4.072053,4.916838,0.361640,0.054255,24.321569
3.840000,1.084690,0.860951,0.584679,-0.096311,0.000000,0.000000,-5.846899,-13.609510,4.102326,4.753822,0.365133,-0.055792,24.305704
3.860000,1.096101,0.857227,0.556140,-0.276813,-0.000000,0.000000,-5.961015,-13.572268,4.154663,4.608754,0.325768,-0.160274,24.323370
3.880000,1.106920,0.849857,0.525358,-0.460592,0.000000,0.000000,-6.069202,-13.498566,4.229589,4.478394,0.249594,-0.220395,24.375513
3.900000,1.117103,0.838794,0.492568,-0.645621,0.000000,-0.000000,-6.171029,-13.387942,4.327562,4.359415,0.151356,-0.205426,24.459562
3.920000,1.126609,0.824044,0.457625,-0.828736,-0.000000,0.000000,-6.266086,-13.240444,4.448787,4.248287,0.018149,-0.056499,24.581273
3.940000,1.135398,0.805679,0.421121,-1.006701,0.000000,0.000000,-6.353978,-13.056788,4.592896,4.141176,-0.091728,0.204893,24.723884
3.960000,1.143445,0.783837,0.383395,-1.175515,0.000000,-0.000000,-6.434451,-12.838375,4.758875,4.033951,-0.236982,0.664382,24.898563
3.980000,1.150733,0.758741,0.345470,-1.331905,-0.000000,0.000000,-6.507325,-12.587409,4.944572,3.922261,-0.317571,1.201479,25.074151
4.000000,1.157267,0.730666,0.308055,-1.472626,0.000000,0.000000,-6.572669,-12.306664,5.146876,3.801704,-0.425342,1.910204,25.265625
4.020000,1.163067,0.699951,0.272380,-1.596083,0.000000,-0.000000,-6.630667,-11.999507,5.361276,3.668120,-0.449934,2.600981,25.438153
4.040000,1.168178,0.666947,0.239127,-1.701171,-0.000000,0.000000,-6.681778,-11.669465,5.582340,3.517869,-0.496491,3.365750,25.607869
4.060000,1.172655,0.632022,0.209214,-1.788533,0.000000,-0.000000,-6.726547,-11.320217,5.803631,3.348266,-0.479238,4.026186,25.748951
4.080000,1.176570,0.595519,0.182863,-1.859041,-0.000000,0.000000,-6.765696,-10.955186,6.018318,3.157784,-0.477628,4.664182,25.875041
4.100000,1.179996,0.557757,0.160470,-1.914888,0.000000,0.000000,-6.799964,-10.577565,6.219438,2.946323,-0.447043,5.181899,25.975066
4.120000,1.183012,0.519010,0.141728,-1.957815,0.000000,0.000000,-6.830123,-10.190101,6.400596,2.715201,-0.417186,5.608583,26.054888
4.140000,1.185688,0.479514,0.126427,-1.990147,-0.000000,-0.000000,-6.856884,-9.795145,6.556239,2.467145,-0.384481,5.938819,26.115566
4.160000,1.188088,0.439463,0.113962,-2.013665,0.000000,-0.000000,-6.880883,-9.394627,6.682160,2.205940,-0.362313,6.203504,26.162323
4.180000,1.190263,0.399013,0.103848,-2.030272,0.000000,0.000000,-6.902633,-8.990126,6.775709,1.936205,-0.339816,6.389274,26.195152
4.200000,1.192252,0.358291,0.095306,-2.041133,0.000000,0.000000,-6.922523,-8.582911,6.835973,1.662953,-0.308700,6.493471,26.214412
4.220000,1.194081,0.317399,0.087711,-2.047385,-0.000000,0.000000,-6.940813,-8.173992,6.863541,1.391143,-0.286327,6.563940,26.226540
4.240000,1.195763,0.276420,0.080500,-2.049963,0.000000,0.000000,-6.957634,-7.764200,6.860590,1.125408,-0.265998,6.595183,26.231582
4.260000,1.197300,0.235422,0.073105,-2.049400,-0.000000,0.000000,-6.972999,-7.354220,6.830268,0.869737,-0.238284,6.579251,26.229096
4.280000,1.198683,0.194463,0.065090,-2.046135,-0.000000,0.000000,-6.986831,-6.944628,6.776568,0.627284,-0.209795,6.535084,26.221395
4.300000,1.199897,0.153593,0.056135,-2.040487,-0.000000,0.000000,-6.998971,-6.535930,6.703942,0.400357,-0.179156,6.468352,26.209329
4.320000,1.200921,0.112858,0.046015,-2.032668,-0.000000,0.000000,-7.009206,-6.128581,6.617005,0.190347,-0.145188,6.377479,26.192932
4.340000,1.201729,0.072300,0.034598,-2.022820,0.000000,-0.000000,-7.017290,-5.723000,6.520258,-0.002110,-0.107024,6.266176,26.172664
4.360000,1.202296,0.031958,0.021848,-2.011059,0.000000,-0.000000,-7.022956,-5.319582,6.417948,-0.177027,-0.066204,6.129543,26.148322
4.380000,1.202594,-0.008130,0.007793,-1.997462,-0.000000,0.000000,-7.025942,-4.918701,6.313823,-0.334999,-0.021628,5.979007,26.120981
4.400000,1.202599,-0.047928,-0.007464,-1.982084,0.000000,-0.000000,-7.025994,-4.520717,6.211292,-0.476986,0.024785,5.811342,26.090504
4.420000,1.202288,-0.087402,-0.023789,-1.964998,0.000000,0.000000,-7.022885,-4.125981,6.113219,-0.604256,0.069439,5.626492,26.056667
4.440000,1.201642,-0.126517,-0.040999,-1.946250,0.000000,-0.000000,-7.016419,-3.734828,6.022083,-0.718222,0.115542,5.432059,26.020750
4.460000,1.200644,-0.165241,-0.058874,-1.925881,-0.000000,0.000000,-7.006441,-3.347589,5.939977,-0.820372,0.159647,5.226153,25.982137
4.480000,1.199284,-0.203542,-0.077177,-1.903955,-0.000000,0.000000,-6.992841,-2.964580,5.868707,-0.912220,0.203139,5.010197,25.941069
4.500000,1.197556,-0.241389,-0.095649,-1.880523,0.000000,-0.000000,-6.975559,-2.586108,5.809749,-0.995236,0.242541,4.788978,25.898466
4.520000,1.195459,-0.278753,-0.114014,-1.855668,0.000000,0.000000,-6.954589,-2.212465,5.764437,-1.070833,0.278094,4.562822,25.854315
4.540000,1.192998,-0.315607,-0.131999,-1.829448,0.000000,-0.000000,-6.929978,-1.843932,5.733947,-1.140380,0.311233,4.327509,25.807816
4.560000,1.190183,-0.351923,-0.149317,-1.801939,-0.000000,-0.000000,-6.901833,-1.480773,5.719429,-1.205149,0.338020,4.092788,25.760400
4.580000,1.187032,-0.387676,-0.165672,-1.773226,0.000000,0.000000,-6.870316,-1.123237,5.722016,-1.266381,0.359476,3.853423,25.711495
4.600000,1.183565,-0.422844,-0.180765,-1.743391,-0.000000,-0.000000,-6.835648,-0.771558,5.742986,-1.325272,0.374710,3.613530,25.661514
4.620000,1.179811,-0.457405,-0.194280,-1.712523,-0.000000,-0.000000,-6.798115,-0.425950,5.783691,-1.382992,0.383250,3.376259,25.610781
4.640000,1.175806,-0.491339,-0.205888,-1.680711,0.000000,0.000000,-6.758064,-0.086612,5.845784,-1.440731,0.385530,3.140082,25.559232
4.660000,1.171591,-0.524628,-0.215237,-1.648058,-0.000000,-0.000000,-6.715910,0.246278,5.931126,-1.499747,0.380153,2.905790,25.506839
4.680000,1.167214,-0.557256,-0.221944,-1.614664,0.000000,0.000000,-6.672145,0.572561,6.041933,-1.561451,0.367979,2.675407,25.453808
4.700000,1.162734,-0.589210,-0.225579,-1.580645,0.000000,0.000000,-6.627337,0.892101,6.180783,-1.627520,0.349340,2.450106,25.400323
4.720000,1.158215,-0.620479,-0.225660,-1.546143,0.000000,-0.000000,-6.582150,1.204787,6.350724,-1.700051,0.324917,2.229794,25.346321
4.740000,1.153735,-0.651054,-0.221623,-1.511335,0.000000,0.000000,-6.537347,1.510538,6.562315,-1.783689,0.295210,2.016110,25.292152
4.760000,1.149386,-0.680933,-0.212248,-1.476612,-0.000000,0.000000,-6.493855,1.809326,6.868102,-1.896579,0.259968,1.810474,25.238204
4.780000,1.145294,-0.710123,-0.195533,-1.442647,0.000000,-0.000000,-6.452936,2.101233,7.290507,-2.052349,0.219187,1.616829,25.185310
4.800000,1.141629,-0.738650,-0.169149,-1.410348,0.000000,0.000000,-6.416286,2.386495,7.847963,-2.268273,0.172388,1.436022,25.134309
4.820000,1.138610,-0.766556,-0.130411,-1.380940,-0.000000,-0.000000,-6.386099,2.665564,8.559708,-2.570147,0.120948,1.276742,25.087507
4.840000,1.136514,-0.793918,-0.076355,-1.356112,0.000000,0.000000,-6.365142,2.939176,9.436360,-2.993297,0.064568,1.145991,25.047879
4.860000,1.135678,-0.820846,-0.004051,-1.338071,0.000000,0.000000,-6.356775,3.208460,10.468818,-3.576411,0.003096,1.058246,25.020762
4.880000,1.136490,-0.847503,0.088958,-1.329414,0.000000,-0.000000,-6.364904,3.475029,11.634539,-4.354124,-0.069242,1.031192,25.013104
4.900000,1.139386,-0.874104,0.204388,-1.332922,-0.000000,-0.000000,-6.393855,3.741037,12.910456,-5.359143,-0.167822,1.092223,25.034782
4.920000,1.144820,-0.900919,0.342915,-1.351354,0.000000,0.000000,-6.448203,4.009194,14.257402,-6.617562,-0.323897,1.276585,25.097395
4.940000,1.153233,-0.928265,0.500728,-1.385678,0.000000,-0.000000,-6.532332,4.282651,15.308783,-7.974930,-0.586301,1.623093,25.210871
4.960000,1.164899,-0.956430,0.665867,-1.432391,0.000000,-0.000000,-6.648988,4.564297,15.845141,-9.255127,-0.995587,2.141961,25.372990
4.980000,1.179820,-0.985602,0.823852,-1.485195,0.000000,-0.000000,-6.798200,4.856016,15.832797,-10.322264,-1.552880,2.799237,25.567728
5.000000,1.197713,-1.015828,0.961052,-1.536534,-0.000000,0.000000,-6.977134,5.158276,15.327843,-11.077293,-2.196391,3.510803,25.767787
5.020000,1.218056,-1.047007,1.067590,-1.579546,0.000000,0.000000,-7.180564,5.470070,14.455788,-11.486565,-2.813764,4.162429,25.942845
5.040000,1.240181,-1.078923,1.138909,-1.609647,-0.000000,-0.000000,-7.401811,5.789227,13.366738,-11.579982,-3.289891,4.649537,26.069486
5.060000,1.263380,-1.111294,1.175409,-1.625026,0.000000,-0.000000,-7.633799,6.112942,12.194151,-11.426180,-3.552643,4.911745,26.136555
5.080000,1.286990,-1.143828,1.180805,-1.626125,0.000000,0.000000,-7.869898,6.438283,11.034179,-11.103905,-3.588085,4.941546,26.144708
5.100000,1.310439,-1.176256,1.160257,-1.614690,-0.000000,0.000000,-8.104392,6.762555,9.944341,-10.682893,-3.426897,4.769221,26.102152
5.120000,1.333262,-1.208347,1.118985,-1.592916,0.000000,-0.000000,-8.332621,7.083470,8.952110,-10.216186,-3.121778,4.443670,26.020176
5.140000,1.355091,-1.239917,1.061528,-1.562906,-0.000000,0.000000,-8.550909,7.399173,8.065412,-9.740122,-2.728108,4.016277,25.910188
5.160000,1.375639,-1.270820,0.991482,-1.526424,-0.000000,-0.000000,-8.756395,7.708202,7.281041,-9.277586,-2.293649,3.531095,25.781920
5.180000,1.394684,-1.300940,0.911516,-1.484824,0.000000,0.000000,-8.946842,8.009403,6.590318,-8.841838,-1.855496,3.022656,25.643167
5.200000,1.412047,-1.330186,0.823509,-1.439073,0.000000,0.000000,-9.120466,8.301855,5.982507,-8.439719,-1.440450,2.517506,25.499976
5.220000,1.427579,-1.358480,0.728710,-1.389811,0.000000,-0.000000,-9.275794,8.584798,5.446670,-8.074014,-1.065846,2.032855,25.356689
5.240000,1.441155,-1.385757,0.627905,-1.337414,-0.000000,0.000000,-9.411551,8.857571,4.972553,-7.745135,-0.742915,1.582217,25.216859
5.260000,1.452659,-1.411957,0.521535,-1.282051,-0.000000,0.000000,-9.526585,9.119566,4.550947,-7.452182,-0.477758,1.174237,25.083240
5.280000,1.461981,-1.437019,0.409810,-1.223733,0.000000,-0.000000,-9.619808,9.370195,4.173722,-7.193539,-0.272764,0.814680,24.958143
5.300000,1.469016,-1.460886,0.292782,-1.162345,0.000000,0.000000,-9.690156,9.608855,3.833778,-6.967307,-0.127853,0.507830,24.843780
5.320000,1.473657,-1.483491,0.170427,-1.097673,0.000000,-0.000000,-9.736566,9.834914,3.524931,-6.771562,-0.039870,0.256861,24.742351
5.340000,1.475797,-1.504769,0.042719,-1.029431,-0.000000,-0.000000,-9.757969,10.047687,3.241741,-6.604426,-0.002654,0.063435,24.656158
5.360000,1.475330,-1.524643,-0.090293,-0.957290,-0.000000,0.000000,-9.753299,10.246427,2.979376,-6.464129,-0.006815,-0.072151,24.587654
5.380000,1.472151,-1.543032,-0.228409,-0.880913,-0.000000,0.000000,-9.721511,10.430320,2.733503,-6.349020,-0.039239,-0.151212,24.539479
5.400000,1.466162,-1.559849,-0.371185,-0.799997,-0.000000,-0.000000,-9.661624,10.598489,2.500163,-6.257513,-0.082455,-0.177714,24.514263
5.420000,1.457278,-1.575000,-0.517840,-0.714331,-0.000000,-0.000000,-9.572778,10.750002,2.275678,-6.188010,-0.114669,-0.158216,24.514599
5.440000,1.445431,-1.588390,-0.667179,-0.623861,-0.000000,-0.000000,-9.454308,10.883901,2.056611,-6.138819,-0.110454,-0.103292,24.542552
5.460000,1.430584,-1.599924,-0.817527,-0.528766,0.000000,-0.000000,-9.305838,10.999237,1.839741,-6.108050,-0.042421,-0.027390,24.599374
5.480000,1.412737,-1.609513,-0.966728,-0.429530,-0.000000,-0.000000,-9.127373,11.095130,1.622078,-6.093479,0.115282,0.051211,24.684922
5.500000,1.391939,-1.617083,-1.112222,-0.326993,-0.000000,-0.000000,-8.919393,11.170829,1.400917,-6.092426,0.382697,0.112450,24.797368
5.520000,1.368292,-1.622579,-1.251209,-0.222350,-0.000000,-0.000000,-8.682918,11.225786,1.173948,-6.101688,0.769587,0.136730,24.932874
5.540000,1.341953,-1.625973,-1.380900,-0.117099,0.000000,-0.000000,-8.419530,11.259728,0.939392,-6.117517,1.271387,0.107845,25.085688
5.560000,1.313134,-1.627270,-1.498814,-0.012924,-0.000000,-0.000000,-8.131344,11.272698,0.696168,-6.135664,1.868579,0.016166,25.248689
5.580000,1.282092,-1.626508,-1.603052,0.088477,-0.000000,0.000000,-7.820918,11.265083,0.444018,-6.151536,2.529249,-0.139600,25.414190
5.600000,1.249111,-1.623760,-1.692488,0.185566,-0.000000,-0.000000,-7.491112,11.237595,0.183605,-6.160440,3.214017,-0.352405,25.574845
5.620000,1.214493,-1.619123,-1.766824,0.277122,0.000000,-0.000000,-7.144931,11.191226,-0.083468,-6.157900,3.884368,-0.609240,25.724599
5.640000,1.178536,-1.612717,-1.826510,0.362327,-0.000000,0.000000,-6.785361,11.127171,-0.354743,-6.139977,4.506845,-0.894003,25.859076
5.660000,1.141524,-1.604675,-1.872572,0.440786,0.000000,-0.000000,-6.415236,11.046746,-0.627081,-6.103564,5.057572,-1.190499,25.975775
5.680000,1.103715,-1.595131,-1.906401,0.512488,-0.000000,-0.000000,-6.037148,10.951307,-0.896909,-6.046601,5.522907,-1.484689,26.073866
5.700000,1.065339,-1.584218,-1.929537,0.577726,0.000000,0.000000,-5.653388,10.842182,-1.160502,-5.968188,5.898422,-1.766051,26.153802
5.720000,1.026594,-1.572061,-1.943512,0.636998,0.000000,0.000000,-5.265943,10.720615,-1.414273,-5.868580,6.186277,-2.027587,26.216864
5.740000,0.987650,-1.558774,-1.949734,0.690920,0.000000,-0.000000,-4.876500,10.587739,-1.655030,-5.749079,6.392907,-2.265430,26.264777
5.760000,0.948648,-1.544456,-1.949431,0.740144,-0.000000,-0.000000,-4.486484,10.444560,-1.880155,-5.611841,6.526979,-2.478120,26.299411
5.780000,0.909709,-1.529195,-1.943630,0.785307,-0.000000,-0.000000,-4.097094,10.291952,-2.087735,-5.459653,6.597663,-2.665767,26.322576
5.800000,0.870934,-1.513067,-1.933170,0.826988,0.000000,-0.000000,-3.709342,10.130669,-2.276608,-5.295687,6.613547,-2.829210,26.335889
5.820000,0.832409,-1.496136,-1.918723,0.865690,-0.000000,-0.000000,-3.324091,9.961355,-2.446338,-5.123260,6.583146,-2.970247,26.340835
5.840000,0.794208,-1.478456,-1.900822,0.901830,-0.000000,0.000000,-2.942083,9.784564,-2.597137,-4.945634,6.513068,-3.090075,26.338571
5.860000,0.756396,-1.460077,-1.879895,0.935740,-0.000000,0.000000,-2.563964,9.600772,-2.729776,-4.765880,6.409830,-3.190627,26.330178
5.880000,0.719030,-1.441040,-1.856285,0.967675,0.000000,0.000000,-2.190304,9.410399,-2.845465,-4.586763,6.278365,-3.272904,26.316457
5.900000,0.682161,-1.421382,-1.830279,0.997820,-0.000000,0.000000,-1.821610,9.213821,-2.945721,-4.410669,6.123383,-3.338334,26.298147
5.920000,0.645834,-1.401138,-1.802119,1.026301,0.000000,0.000000,-1.458336,9.011382,-3.032267,-4.239583,5.948741,-3.387824,26.275832
5.940000,0.610089,-1.380341,-1.772022,1.053199,0.000000,-0.000000,-1.100891,8.803406,-3.106932,-4.075108,5.757860,-3.422184,26.250006
5.960000,0.574964,-1.359021,-1.740180,1.078553,-0.000000,0.000000,-0.749643,8.590205,-3.171570,-3.918484,5.553886,-3.442327,26.221127
5.980000,0.540492,-1.337209,-1.706776,1.102377,0.000000,-0.000000,-0.404923,8.372087,-3.228015,-3.770625,5.339378,-3.448613,26.189518
6.000000,0.506703,-1.314936,-1.671979,1.124660,-0.000000,-0.000000,-0.067026,8.149357,-3.278033,-3.632173,5.116990,-3.442046,26.155567
6.020000,0.473621,-1.292233,-1.635956,1.145376,0.000000,-0.000000,0.263787,7.922327,-3.323302,-3.503541,4.888665,-3.422687,26.119479
6.040000,0.441271,-1.269131,-1.598866,1.164489,-0.000000,-0.000000,0.587285,7.691314,-3.365397,-3.384960,4.656621,-3.391565,26.081576
6.060000,0.409673,-1.245664,-1.560869,1.181954,-0.000000,0.000000,0.903273,7.456641,-3.405782,-3.276513,4.422496,-3.348907,26.042026
6.080000,0.378842,-1.221865,-1.522119,1.197721,-0.000000,0.000000,1.211583,7.218645,-3.445822,-3.178182,4.187980,-3.295448,26.001056
6.100000,0.348792,-1.197767,-1.482772,1.211737,0.000000,-0.000000,1.512080,6.977670,-3.486787,-3.089869,3.954483,-3.231675,25.958826
6.120000,0.319534,-1.173407,-1.442981,1.223948,0.000000,-0.000000,1.804662,6.734071,-3.529874,-3.011428,3.723277,-3.158122,25.915482
6.140000,0.291075,-1.148821,-1.402901,1.234299,-0.000000,0.000000,2.089253,6.488214,-3.576221,-2.942691,3.495566,-3.075520,25.871187
6.160000,0.263419,-1.124048,-1.362691,1.242732,-0.000000,0.000000,2.365814,6.240479,-3.626936,-2.883487,3.272274,-2.984212,25.826014
6.180000,0.236567,-1.099125,-1.322510,1.249190,0.000000,0.000000,2.634332,5.991253,-3.683111,-2.833660,3.054418,-2.885168,25.780134
6.200000,0.210517,-1.074094,-1.282524,1.253613,-0.000000,0.000000,2.894830,5.740939,-3.745840,-2.793078,2.842631,-2.778555,25.733566
6.220000,0.185263,-1.048995,-1.242904,1.255940,-0.000000,-0.000000,3.147366,5.489948,-3.816252,-2.761644,2.637734,-2.665446,25.686470
6.240000,0.160797,-1.023871,-1.203833,1.256107,0.000000,0.000000,3.392029,5.238707,-3.895528,-2.739303,2.440224,-2.546198,25.638872
6.260000,0.137105,-0.998765,-1.165502,1.254045,0.000000,0.000000,3.628948,4.987654,-3.984933,-2.726042,2.250647,-2.421650,25.590877
6.280000,0.114171,-0.973724,-1.128119,1.249681,-0.000000,-0.000000,3.858293,4.737242,-4.085838,-2.721900,2.069403,-2.292426,25.542544
6.300000,0.091973,-0.948794,-1.091906,1.242935,-0.000000,-0.000000,4.080274,4.487940,-4.199765,-2.726959,1.896829,-2.159200,25.493935
6.320000,0.070485,-0.924023,-1.057111,1.233721,-0.000000,0.000000,4.295150,4.240233,-4.328414,-2.741345,1.733229,-2.022857,25.445151
6.340000,0.049677,-0.899462,-1.024004,1.221945,-0.000000,0.000000,4.503231,3.994622,-4.473717,-2.765222,1.578767,-1.883945,25.396227
6.360000,0.029512,-0.875163,-0.992887,1.207503,0.000000,-0.000000,4.704884,3.751632,-4.637885,-2.798772,1.433661,-1.743642,25.347324
6.380000,0.009946,-0.851181,-0.964099,1.190278,-0.000000,0.000000,4.900540,3.511807,-4.823458,-2.842164,1.297939,-1.602440,25.298484
6.400000,-0.009070,-0.827571,-0.938022,1.170146,0.000000,-0.000000,5.090704,3.275715,-5.033358,-2.895500,1.171740,-1.461747,25.249935
6.420000,-0.027596,-0.804395,-0.915090,1.146971,0.000000,0.000000,5.275959,3.043951,-5.270971,-2.958747,1.055060,-1.322422,25.201829
6.440000,-0.045698,-0.781714,-0.895795,1.120608,0.000000,-0.000000,5.456982,2.817139,-5.540187,-3.031612,0.947966,-1.185894,25.154471
6.460000,-0.063456,-0.759593,-0.880699,1.090907,0.000000,0.000000,5.634556,2.595930,-5.845417,-3.113327,0.850525,-1.053558,25.108222
6.480000,-0.080958,-0.738101,-0.870434,1.057725,-0.000000,-0.000000,5.809583,2.381008,-6.191559,-3.202344,0.762901,-0.927060,25.063579
6.500000,-0.098310,-0.717308,-0.865712,1.020936,0.000000,-0.000000,5.983099,2.173081,-6.583803,-3.295876,0.685473,-0.808425,25.021257
6.520000,-0.115629,-0.697288,-0.867425,0.980411,-0.000000,-0.000000,6.156294,1.972882,-7.049494,-3.399691,0.619042,-0.699675,24.982175
6.540000,-0.133063,-0.678120,-0.877528,0.935654,0.000000,-0.000000,6.330628,1.781199,-7.656122,-3.531306,0.566493,-0.604074,24.948132
6.560000,-0.150805,-0.659894,-0.898759,0.886090,-0.000000,0.000000,6.508046,1.598941,-8.430646,-3.678352,0.532918,-0.525406,24.921822
6.580000,-0.169108,-0.642710,-0.934169,0.831440,0.000000,-0.000000,6.691076,1.427103,-9.395685,-3.816360,0.526876,-0.468959,24.907354
6.600000,-0.188287,-0.626669,-0.986879,0.771971,0.000000,0.000000,6.882868,1.266688,-10.561442,-3.906657,0.562420,-0.439949,24.910297
6.620000,-0.208716,-0.611857,-1.059570,0.708750,0.000000,0.000000,7.087163,1.118567,-11.916118,-3.901294,0.662284,-0.443010,24.937873
6.640000,-0.230814,-0.598331,-1.153841,0.643736,0.000000,0.000000,7.308139,0.983310,-13.429349,-3.755889,0.860516,-0.480093,24.998240
6.660000,-0.255014,-0.586101,-1.269699,0.579664,0.000000,-0.000000,7.550143,0.861011,-15.061096,-3.437788,1.203893,-0.549622,25.099434
6.680000,-0.281722,-0.575114,-1.403058,0.520252,0.000000,0.000000,7.817216,0.751138,-16.468252,-2.878601,1.738791,-0.644741,25.244991
6.700000,-0.311169,-0.565228,-1.541262,0.470228,0.000000,-0.000000,8.111691,0.652281,-17.355689,-2.103096,2.460816,-0.750777,25.423660
6.720000,-0.343306,-0.556219,-1.669650,0.432980,0.000000,0.000000,8.433061,0.562190,-17.680080,-1.219546,3.298019,-0.855245,25.612981
6.740000,-0.377805,-0.547815,-1.775693,0.409802,-0.000000,-0.000000,8.778051,0.478147,-17.487442,-0.338077,4.121464,-0.951168,25.785871
6.760000,-0.414130,-0.539737,-1.851381,0.400059,0.000000,0.000000,9.141303,0.397371,-16.890420,0.458144,4.790837,-1.035235,25.919202
6.780000,-0.451638,-0.531735,-1.893887,0.401847,-0.000000,-0.000000,9.516381,0.317353,-16.026462,1.125019,5.205003,-1.104404,25.999506
6.800000,-0.489673,-0.523602,-1.904570,0.412762,0.000000,0.000000,9.896730,0.236024,-15.021765,1.652712,5.328593,-1.154823,26.024244
6.820000,-0.527634,-0.515180,-1.887256,0.430485,0.000000,0.000000,10.276341,0.151795,-13.972909,2.053046,5.184463,-1.182583,25.998893
6.840000,-0.565008,-0.506351,-1.846640,0.453088,0.000000,-0.000000,10.650080,0.063506,-12.944094,2.347470,4.829696,-1.185006,25.933046
6.860000,-0.601375,-0.497033,-1.787236,0.479114,-0.000000,0.000000,11.013746,-0.029667,-11.972693,2.559101,4.331927,-1.161297,25.837255
6.880000,-0.636398,-0.487170,-1.712854,0.507534,-0.000000,-0.000000,11.363977,-0.128299,-11.077014,2.708740,3.753688,-1.112253,25.721089
6.900000,-0.669809,-0.476721,-1.626456,0.537659,0.000000,0.000000,11.698088,-0.232794,-10.263171,2.813493,3.146389,-1.040132,25.592598
6.920000,-0.701390,-0.465655,-1.530201,0.569044,0.000000,0.000000,12.013904,-0.343446,-9.530139,2.886754,2.548321,-0.947657,25.458023
6.940000,-0.730961,-0.453952,-1.425566,0.601413,-0.000000,0.000000,12.309611,-0.460477,-8.873104,2.938729,1.987216,-0.838380,25.322340
6.960000,-0.758364,-0.441594,-1.313489,0.634594,0.000000,-0.000000,12.583636,-0.584065,-8.285514,2.977091,1.481606,-0.715823,25.189344
6.980000,-0.783455,-0.428564,-1.194496,0.668466,-0.000000,-0.000000,12.834547,-0.714360,-7.760280,3.007591,1.043632,-0.584051,25.062199
7.000000,-0.806099,-0.414851,-1.068808,0.702925,-0.000000,-0.000000,13.060988,-0.851491,-7.290422,3.034559,0.680286,-0.447422,24.943594
7.020000,-0.826162,-0.400444,-0.936441,0.737844,0.000000,-0.000000,13.261625,-0.995561,-6.869379,3.061283,0.394581,-0.310904,24.836029
7.040000,-0.843511,-0.385335,-0.797286,0.773046,0.000000,0.000000,13.435112,-1.146647,-6.491140,3.090295,0.186015,-0.180403,24.742007
7.060000,-0.858008,-0.369522,-0.651194,0.808272,0.000000,-0.000000,13.580077,-1.304781,-6.150256,3.123578,0.050390,-0.062545,24.664038
7.080000,-0.869512,-0.353007,-0.498061,0.843150,0.000000,-0.000000,13.695120,-1.469933,-5.841798,3.162704,-0.020415,0.034469,24.604864
7.100000,-0.877883,-0.335802,-0.337926,0.877169,0.000000,-0.000000,13.778834,-1.641984,-5.561285,3.208923,-0.039320,0.102062,24.567170
7.120000,-0.882984,-0.317930,-0.171083,0.909657,0.000000,0.000000,13.829842,-1.820699,-5.304605,3.263208,-0.024510,0.130228,24.553744
7.140000,-0.884686,-0.299431,0.001810,0.939772,0.000000,-0.000000,13.846863,-2.005689,-5.067933,3.326267,0.000209,0.109751,24.566949
7.160000,-0.882879,-0.280362,0.179614,0.966514,-0.000000,-0.000000,13.828790,-2.196383,-4.847660,3.398515,0.006021,0.032408,24.608570
7.180000,-0.877480,-0.260800,0.360632,0.988770,-0.000000,-0.000000,13.774801,-2.391996,-4.640341,3.480031,-0.038871,-0.106584,24.679228
7.200000,-0.868447,-0.240848,0.542584,1.005395,0.000000,0.000000,13.684473,-2.591516,-4.442669,3.570488,-0.165623,-0.306900,24.777970
7.220000,-0.855789,-0.220629,0.722676,1.015325,0.000000,-0.000000,13.557891,-2.793707,-4.251490,3.669093,-0.399801,-0.561744,24.901947
7.240000,-0.839574,-0.200286,0.897773,1.017711,-0.000000,0.000000,13.395736,-2.997142,-4.063847,3.774534,-0.755707,-0.856665,25.046226
7.260000,-0.819933,-0.179975,1.064678,1.012053,-0.000000,0.000000,13.199328,-3.200254,-3.877066,3.884970,-1.232782,-1.171936,25.204276
7.280000,-0.797061,-0.159858,1.220453,0.998281,-0.000000,0.000000,12.970608,-3.401421,-3.688867,3.998072,-1.813709,-1.483542,25.368395
7.300000,-0.771205,-0.140095,1.362730,0.976775,0.000000,0.000000,12.712049,-3.599050,-3.497481,4.111133,-2.468154,-1.769170,25.530934
7.320000,-0.742652,-0.120833,1.489927,0.948314,0.000000,-0.000000,12.426523,-3.791667,-3.301744,4.221229,-3.157476,-2.009695,25.684954
7.340000,-0.711713,-0.102202,1.601326,0.913955,-0.000000,0.000000,12.117133,-3.977982,-3.101155,4.325422,-3.842538,-2.193149,25.825144
7.360000,-0.678704,-0.084306,1.697017,0.874893,0.000000,0.000000,11.787041,-4.156935,-2.895871,4.420968,-4.489202,-2.314431,25.948020
7.380000,-0.643933,-0.067229,1.777741,0.832328,0.000000,-0.000000,11.439325,-4.327706,-2.686643,4.505499,-5.072183,-2.374772,26.051928
7.400000,-0.607686,-0.051029,1.844686,0.787354,-0.000000,-0.000000,11.076864,-4.489706,-2.474714,4.577174,-5.576212,-2.380115,26.136770
7.420000,-0.570227,-0.035745,1.899280,0.740903,0.000000,0.000000,10.702274,-4.642550,-2.261670,4.634752,-5.994556,-2.338459,26.203460
7.440000,-0.531788,-0.021398,1.943027,0.693718,0.000000,-0.000000,10.317875,-4.786019,-2.049291,4.677625,-6.327816,-2.259304,26.253680
7.460000,-0.492569,-0.007997,1.977383,0.646357,0.000000,0.000000,9.925689,-4.920026,-1.839404,4.705784,-6.580428,-2.150978,26.289271
7.480000,-0.452746,0.004458,2.003680,0.599217,-0.000000,-0.000000,9.527459,-5.044577,-1.633756,4.719755,-6.760112,-2.021707,26.312270
7.500000,-0.412468,0.015975,2.023091,0.552568,0.000000,0.000000,9.124676,-5.159746,-1.433915,4.720495,-6.874991,-1.877779,26.324477
7.520000,-0.371861,0.026565,2.036618,0.506579,-0.000000,0.000000,8.718614,-5.265648,-1.241208,4.709305,-6.933605,-1.724650,26.327582
7.540000,-0.331036,0.036243,2.045098,0.461353,0.000000,0.000000,8.310365,-5.362428,-1.056681,4.687715,-6.943750,-1.566458,26.323004
7.560000,-0.290086,0.045024,2.049225,0.416946,0.000000,0.000000,7.900865,-5.450244,-0.881086,4.657389,-6.912429,-1.406444,26.311944
7.580000,-0.249093,0.052926,2.049562,0.373388,0.000000,0.000000,7.490927,-5.529263,-0.714894,4.620045,-6.845900,-1.247211,26.295436
7.600000,-0.208126,0.059966,2.046570,0.330694,0.000000,0.000000,7.081262,-5.599657,-0.558311,4.577382,-6.749242,-1.090574,26.274263
7.620000,-0.167250,0.066160,2.040622,0.288877,0.000000,-0.000000,6.672496,-5.661599,-0.411315,4.531037,-6.627252,-0.938211,26.249175
7.640000,-0.126519,0.071527,2.032023,0.247950,-0.000000,0.000000,6.265190,-5.715267,-0.273692,4.482542,-6.483412,-0.791114,26.220658
7.660000,-0.085985,0.076084,2.021021,0.207930,-0.000000,0.000000,5.859847,-5.760840,-0.145068,4.433309,-6.321370,-0.650380,26.189252
7.680000,-0.045693,0.079850,2.007824,0.168843,-0.000000,-0.000000,5.456927,-5.798501,-0.024950,4.384618,-6.143731,-0.516645,26.155295
7.700000,-0.005685,0.082844,1.992605,0.130721,-0.000000,0.000000,5.056852,-5.828441,0.087251,4.337620,-5.953099,-0.390546,26.119146
7.720000,0.033999,0.085086,1.975511,0.093603,-0.000000,-0.000000,4.660010,-5.850857,0.192185,4.293340,-5.751588,-0.272524,26.081069
7.740000,0.073324,0.086595,1.956670,0.057536,0.000000,-0.000000,4.266764,-5.865953,0.290547,4.252688,-5.541085,-0.162938,26.041295
7.760000,0.112255,0.087394,1.936196,0.022574,0.000000,-0.000000,3.877451,-5.873945,0.383059,4.216469,-5.323409,-0.062069,26.000056
7.780000,0.150761,0.087506,1.914189,-0.011225,0.000000,0.000000,3.492388,-5.875060,0.470452,4.185405,-5.099913,0.029905,25.957482
7.800000,0.188813,0.086954,1.890743,-0.043794,0.000000,0.000000,3.111872,-5.869537,0.553466,4.160146,-4.872251,0.112852,25.913793
7.820000,0.226382,0.085763,1.865944,-0.075062,0.000000,-0.000000,2.736181,-5.857629,0.632837,4.141288,-4.641362,0.186709,25.869051
7.840000,0.263442,0.083960,1.839876,-0.104952,0.000000,0.000000,2.365579,-5.839604,0.709300,4.129391,-4.408724,0.251489,25.823451
7.860000,0.299969,0.081575,1.812619,-0.133382,0.000000,0.000000,2.000310,-5.815746,0.783587,4.124989,-4.175199,0.307234,25.777051
7.880000,0.335939,0.078635,1.784251,-0.160262,0.000000,0.000000,1.640605,-5.786355,0.856430,4.128609,-3.941893,0.354065,25.729983
7.900000,0.371332,0.075175,1.754852,-0.185496,-0.000000,0.000000,1.286678,-5.751750,0.928565,4.140786,-3.709675,0.392134,25.682324
7.920000,0.406127,0.071227,1.724502,-0.208979,0.000000,0.000000,0.938728,-5.712273,1.000743,4.162073,-3.479367,0.421639,25.634151
7.940000,0.440306,0.066828,1.693285,-0.230599,0.000000,-0.000000,0.596935,-5.668283,1.073733,4.193057,-3.251855,0.442861,25.585569
7.960000,0.473853,0.062017,1.661286,-0.250231,-0.000000,0.000000,0.261466,-5.620166,1.148338,4.234370,-3.027715,0.456050,25.536604
7.980000,0.506753,0.056833,1.628600,-0.267741,-0.000000,0.000000,-0.067533,-5.568332,1.225408,4.286705,-2.807862,0.461632,25.487392
8.000000,0.538993,0.051322,1.595325,-0.282980,0.000000,0.000000,-0.389935,-5.513221,1.305850,4.350822,-2.592662,0.459889,25.437929
8.020000,0.570563,0.045530,1.561568,-0.295784,0.000000,-0.000000,-0.705631,-5.455302,1.390654,4.427565,-2.383000,0.451386,25.388363
8.040000,0.601454,0.039508,1.527449,-0.305971,0.000000,-0.000000,-1.014538,-5.395081,1.480915,4.517865,-2.179283,0.436546,25.338721
8.060000,0.631660,0.033310,1.493098,-0.313340,0.000000,0.000000,-1.316595,-5.333101,1.577853,4.622754,-1.982178,0.415984,25.289128
8.080000,0.661177,0.026995,1.458665,-0.317667,0.000000,-0.000000,-1.611771,-5.269948,1.682853,4.743365,-1.792195,0.390310,25.239675
8.100000,0.690007,0.020625,1.424314,-0.318704,-0.000000,0.000000,-1.900066,-5.206254,1.797500,4.880925,-1.609859,0.360224,25.190482
8.120000,0.718152,0.014270,1.390235,-0.316175,-0.000000,0.000000,-2.181515,-5.142704,1.923621,5.036745,-1.435798,0.326550,25.141735
8.140000,0.745619,0.008004,1.356645,-0.309774,-0.000000,-0.000000,-2.456193,-5.080042,2.063340,5.212184,-1.270457,0.290095,25.093582
8.160000,0.772422,0.001907,1.323792,-0.299168,-0.000000,0.000000,-2.724222,-5.019075,2.219141,5.408601,-1.114629,0.251920,25.046343
8.180000,0.798578,-0.003932,1.291962,-0.283991,0.000000,-0.000000,-2.985778,-4.960679,2.393929,5.627258,-0.968765,0.212948,25.000268
8.200000,0.824110,-0.009419,1.261486,-0.263853,0.000000,0.000000,-3.241097,-4.905809,2.591094,5.869158,-0.833857,0.174419,24.955854
8.220000,0.849049,-0.014450,1.232745,-0.238343,0.000000,-0.000000,-3.490488,-4.855496,2.814562,6.134791,-0.710673,0.137406,24.913596
8.240000,0.873434,-0.018914,1.206178,-0.207049,-0.000000,0.000000,-3.734340,-4.810857,3.068809,6.423769,-0.600400,0.103066,24.874233
8.260000,0.897314,-0.022691,1.182285,-0.169581,0.000000,-0.000000,-3.973137,-4.773089,3.358801,6.734277,-0.504358,0.072346,24.838645
8.280000,0.920747,-0.025654,1.161628,-0.125616,-0.000000,-0.000000,-4.207469,-4.743458,3.689759,7.062269,-0.424211,0.045874,24.807941
8.300000,0.943804,-0.027671,1.144821,-0.074959,0.000000,0.000000,-4.438045,-4.723289,4.066654,7.400410,-0.362091,0.023710,24.783491
8.320000,0.966570,-0.028608,1.132506,-0.017641,0.000000,0.000000,-4.665697,-4.713919,4.494015,7.738109,-0.320391,0.004991,24.766800
8.340000,0.989141,-0.028332,1.125654,0.046533,0.000000,0.000000,-4.891408,-4.716685,5.018426,8.129496,-0.303179,-0.012539,24.760012
8.360000,1.011645,-0.026693,1.126176,0.118774,-0.000000,-0.000000,-5.116450,-4.733072,5.681272,8.597974,-0.318038,-0.033542,24.766550
8.380000,1.034252,-0.023521,1.136266,0.199946,0.000000,0.000000,-5.342517,-4.764792,6.498964,9.116630,-0.376250,-0.066218,24.790911
8.400000,1.057174,-0.018636,1.158047,0.289994,0.000000,-0.000000,-5.571737,-4.813644,7.476387,9.645716,-0.492401,-0.123309,24.837947
8.420000,1.080663,-0.011870,1.193207,0.387661,-0.000000,-0.000000,-5.806629,-4.881300,8.602874,10.140571,-0.684971,-0.222548,24.912377
8.440000,1.104997,-0.003095,1.242551,0.490339,0.000000,-0.000000,-6.049971,-4.969049,9.827425,10.534140,-0.974661,-0.384636,25.017549
8.460000,1.130443,0.007737,1.303400,0.591886,0.000000,-0.000000,-6.304426,-5.077366,10.896300,10.595701,-1.367535,-0.621014,25.149951
8.480000,1.157165,0.020513,1.369083,0.683377,0.000000,0.000000,-6.571655,-5.205129,11.690217,10.310319,-1.836547,-0.916743,25.296071
8.500000,1.185189,0.034954,1.432316,0.757332,-0.000000,-0.000000,-6.851893,-5.349542,12.166751,9.747225,-2.327664,-1.230743,25.437900
8.520000,1.214399,0.050657,1.486718,0.808975,0.000000,0.000000,-7.143988,-5.506568,12.332030,8.998418,-2.772489,-1.508656,25.557766
8.540000,1.244569,0.067152,1.527831,0.836557,-0.000000,0.000000,-7.445690,-5.671522,12.230911,8.155603,-3.107792,-1.701658,25.642408
8.560000,1.275408,0.083964,1.553430,0.840879,0.000000,-0.000000,-7.754082,-5.839636,11.928110,7.293540,-3.293686,-1.782908,25.685483
8.580000,1.306600,0.100648,1.563201,0.824388,0.000000,-0.000000,-8.066004,-6.006484,11.490423,6.463649,-3.319057,-1.750381,25.686969
8.600000,1.337837,0.116821,1.558113,0.790244,0.000000,-0.000000,-8.378370,-6.168215,10.975518,5.695571,-3.197612,-1.621770,25.651465
8.620000,1.368836,0.132162,1.539772,0.741627,-0.000000,0.000000,-8.688365,-6.321618,10.427583,5.002425,-2.957822,-1.424630,25.585822
8.640000,1.399351,0.146409,1.509952,0.681340,0.000000,-0.000000,-8.993514,-6.464089,9.877534,4.386514,-2.633669,-1.188399,25.497451
8.660000,1.429169,0.159353,1.470295,0.611648,0.000000,0.000000,-9.291690,-6.593528,9.345335,3.843929,-2.258277,-0.939450,25.393315
8.680000,1.458107,0.170824,1.422175,0.534263,0.000000,-0.000000,-9.581069,-6.708236,8.842802,3.367715,-1.860267,-0.698839,25.279369
8.700000,1.486007,0.180680,1.366656,0.450409,-0.000000,0.000000,-9.860068,-6.806803,8.376116,2.949827,-1.463269,-0.482232,25.160688
8.720000,1.512729,0.188802,1.304495,0.360914,0.000000,-0.000000,-10.127289,-6.888024,7.947764,2.582220,-1.085328,-0.300277,25.041343
8.740000,1.538146,0.195083,1.236184,0.266299,-0.000000,-0.000000,-10.381456,-6.950828,7.557930,2.257386,-0.740621,-0.159530,24.924904
8.760000,1.562137,0.199422,1.161984,0.166869,0.000000,0.000000,-10.621370,-6.994223,7.205445,1.968576,-0.439327,-0.063086,24.814388
8.780000,1.584586,0.201727,1.081973,0.062790,0.000000,-0.000000,-10.845863,-7.017265,6.888410,1.709843,-0.188965,-0.010956,24.712670
8.800000,1.605377,0.201904,0.996088,-0.045836,-0.000000,0.000000,-11.053768,-7.019036,6.604578,1.475994,0.005641,-0.000246,24.622513
8.820000,1.624390,0.199864,0.904168,-0.158896,0.000000,-0.000000,-11.243896,-6.998635,6.351591,1.262501,0.142138,-0.024975,24.546745
8.840000,1.641502,0.195519,0.806012,-0.276191,-0.000000,-0.000000,-11.415020,-6.955195,6.127109,1.065415,0.220840,-0.075647,24.488343
8.860000,1.656587,0.188790,0.701435,-0.397354,-0.000000,0.000000,-11.565872,-6.887901,5.928866,0.881269,0.245555,-0.139103,24.450310
8.880000,1.669516,0.179604,0.590348,-0.521760,-0.000000,-0.000000,-11.695159,-6.796036,5.754681,0.707007,0.223820,-0.197778,24.435752
8.900000,1.680158,0.167904,0.472842,-0.648442,0.000000,0.000000,-11.801583,-6.679044,5.602436,0.539927,0.168293,-0.230791,24.447388
8.920000,1.688389,0.153660,0.349296,-0.776022,-0.000000,-0.000000,-11.883893,-6.536599,5.470033,0.377649,0.096295,-0.213937,24.487481
8.940000,1.694095,0.136870,0.220465,-0.902677,0.000000,0.000000,-11.940948,-6.368696,5.355349,0.218102,0.030097,-0.123240,24.557078
8.960000,1.697181,0.117574,0.087559,-1.026168,-0.000000,0.000000,-11.971806,-6.175738,5.256177,0.059540,-0.005327,0.062333,24.655709
8.980000,1.697581,0.095861,-0.047735,-1.143952,0.000000,-0.000000,-11.975812,-5.958609,5.170188,-0.099432,0.014829,0.355736,24.780820
9.000000,1.695269,0.071871,-0.183313,-1.253390,0.000000,0.000000,-11.952692,-5.718714,5.094929,-0.259806,0.110830,0.757829,24.927656
9.020000,1.690263,0.045797,-0.316794,-1.352016,-0.000000,0.000000,-11.902626,-5.457974,5.027846,-0.422137,0.294071,1.255214,25.089527
9.040000,1.682628,0.017876,-0.445746,-1.437824,0.000000,0.000000,-11.826277,-5.178764,4.966352,-0.586518,0.564336,1.820360,25.258373
9.060000,1.672478,-0.011621,-0.567929,-1.509508,-0.000000,-0.000000,-11.724780,-4.883788,4.907932,-0.752582,0.909338,2.417166,25.425959
9.080000,1.659968,-0.042406,-0.681527,-1.566572,0.000000,0.000000,-11.599679,-4.575937,4.850272,-0.919555,1.307613,3.005710,25.584674
9.100000,1.645283,-0.074188,-0.785285,-1.609321,0.000000,0.000000,-11.452827,-4.258115,4.791385,-1.086336,1.732814,3.551230,25.728665
9.120000,1.628627,-0.106690,-0.878556,-1.638714,0.000000,0.000000,-11.286265,-3.933100,4.729711,-1.251610,2.158844,4.026776,25.853984
9.140000,1.610211,-0.139657,-0.961247,-1.656160,-0.000000,0.000000,-11.102111,-3.603427,4.664174,-1.413975,2.563535,4.416831,25.958796
9.160000,1.590245,-0.172868,-1.033710,-1.663302,0.000000,-0.000000,-10.902449,-3.271323,4.594197,-1.572063,2.930727,4.715766,26.042932
9.180000,1.568926,-0.206132,-1.096605,-1.661818,-0.000000,-0.000000,-10.689265,-2.938681,4.519671,-1.724638,3.250567,4.925986,26.107453
9.200000,1.546439,-0.239294,-1.150768,-1.653298,-0.000000,-0.000000,-10.464389,-2.607064,4.440901,-1.870683,3.518696,5.055357,26.154205
9.220000,1.522948,-0.272226,-1.197102,-1.639154,0.000000,-0.000000,-10.229479,-2.277736,4.358519,-2.009442,3.734844,5.114003,26.185299
9.240000,1.498601,-0.304830,-1.236505,-1.620590,-0.000000,0.000000,-9.986010,-1.951697,4.273400,-2.140445,3.901541,5.113551,26.203008
9.260000,1.473528,-0.337027,-1.269813,-1.598600,-0.000000,0.000000,-9.735284,-1.629728,4.186573,-2.263505,4.022729,5.064318,26.209333
9.280000,1.447844,-0.368757,-1.297779,-1.573983,0.000000,-0.000000,-9.478441,-1.312431,4.099151,-2.378705,4.103178,4.976491,26.206199
9.300000,1.421648,-0.399973,-1.321061,-1.547374,0.000000,-0.000000,-9.216484,-1.000267,4.012261,-2.486360,4.147595,4.858137,26.195146
9.320000,1.395029,-0.430642,-1.340216,-1.519269,-0.000000,-0.000000,-8.950292,-0.693581,3.927001,-2.586992,4.160548,4.716413,26.177543
9.340000,1.368064,-0.460737,-1.355713,-1.490055,0.000000,0.000000,-8.680641,-0.392633,3.844403,-2.681281,4.146115,4.556986,26.154478
9.360000,1.340822,-0.490239,-1.367938,-1.460036,0.000000,0.000000,-8.408225,-0.097613,3.765415,-2.770037,4.107896,4.384471,26.126841
9.380000,1.313366,-0.519134,-1.377203,-1.429453,-0.000000,0.000000,-8.133663,0.191344,3.690888,-2.854166,4.049076,4.202724,26.095387
9.400000,1.285752,-0.547414,-1.383761,-1.398501,-0.000000,0.000000,-7.857524,0.474144,3.621575,-2.934647,3.972257,4.014569,26.060659
9.420000,1.258033,-0.575073,-1.387809,-1.367340,-0.000000,-0.000000,-7.580326,0.750730,3.558138,-3.012502,3.879889,3.822703,26.023197
9.440000,1.230256,-0.602108,-1.389500,-1.336111,0.000000,-0.000000,-7.302557,1.021075,3.501153,-3.088791,3.773777,3.628777,25.983310
9.460000,1.202468,-0.628518,-1.388947,-1.304938,0.000000,0.000000,-7.024676,1.285178,3.451123,-3.164593,3.655818,3.434713,25.941389
9.480000,1.174712,-0.654306,-1.386233,-1.273938,0.000000,0.000000,-6.747122,1.543062,3.408492,-3.241008,3.527392,3.241652,25.897642
9.500000,1.147032,-0.679477,-1.381410,-1.243228,-0.000000,0.000000,-6.470323,1.794773,3.373657,-3.319149,3.389903,3.050816,25.852320
9.520000,1.119470,-0.704038,-1.374510,-1.212920,0.000000,0.000000,-6.194697,2.040380,3.346984,-3.400155,3.244518,2.863095,25.805594
9.540000,1.092066,-0.727998,-1.365538,-1.183137,-0.000000,-0.000000,-5.920657,2.279976,3.328824,-3.485186,3.092308,2.679254,25.757615
9.560000,1.064862,-0.751368,-1.354484,-1.154002,0.000000,-0.000000,-5.648620,2.513678,3.319523,-3.575446,2.934354,2.500039,25.708549
9.580000,1.037900,-0.774163,-1.341317,-1.125655,-0.000000,-0.000000,-5.379004,2.741629,3.319434,-3.672191,2.771498,2.325886,25.658474
9.600000,1.011224,-0.796400,-1.325988,-1.098241,-0.000000,0.000000,-5.112237,2.964002,3.328926,-3.776748,2.604833,2.157449,25.607570
9.620000,0.984876,-0.818100,-1.308434,-1.071926,-0.000000,0.000000,-4.848758,3.180999,3.348388,-3.890539,2.435059,1.994907,25.555872
9.640000,0.958902,-0.839286,-1.288570,-1.046890,0.000000,0.000000,-4.589018,3.392858,3.378235,-4.015098,2.263296,1.838804,25.503568
9.660000,0.933349,-0.859985,-1.266298,-1.023336,0.000000,0.000000,-4.333490,3.599854,3.418905,-4.152106,2.090349,1.689279,25.450726
9.680000,0.908267,-0.880231,-1.241497,-1.001489,0.000000,0.000000,-4.082667,3.802306,3.470853,-4.303414,1.917283,1.546633,25.397514
9.700000,0.883707,-0.900058,-1.214030,-0.981605,0.000000,-0.000000,-3.837069,4.000580,3.534542,-4.471081,1.745116,1.411019,25.344077
9.720000,0.859724,-0.919510,-1.183738,-0.963971,0.000000,-0.000000,-3.597243,4.195098,3.610403,-4.657401,1.574968,1.282567,25.290599
9.740000,0.836377,-0.938634,-1.150443,-0.948909,-0.000000,-0.000000,-3.363774,4.386340,3.698788,-4.864933,1.408140,1.161470,25.237348
9.760000,0.813728,-0.957486,-1.113944,-0.936786,0.000000,-0.000000,-3.137280,4.574857,3.799896,-5.096523,1.245906,1.047760,25.184579
9.780000,0.791842,-0.976128,-1.074027,-0.928010,-0.000000,-0.000000,-2.918424,4.761277,3.913653,-5.355312,1.089925,0.941763,25.132749
9.800000,0.770791,-0.994631,-1.030462,-0.923040,0.000000,0.000000,-2.707912,4.946315,4.039546,-5.644701,0.941717,0.843546,25.082287
9.820000,0.750650,-1.013078,-0.983016,-0.922380,-0.000000,0.000000,-2.506498,5.130780,4.176378,-5.968267,0.803270,0.753732,25.033924
9.840000,0.731498,-1.031559,-0.931467,-0.926580,-0.000000,-0.000000,-2.314979,5.315591,4.321932,-6.329582,0.676440,0.672894,24.988453
9.860000,0.713420,-1.050178,-0.875628,-0.936220,-0.000000,-0.000000,-2.134197,5.501775,4.472505,-6.731849,0.563260,0.602245,24.946981
9.880000,0.696502,-1.069048,-0.815383,-0.951886,-0.000000,-0.000000,-1.965022,5.690481,4.622346,-7.177323,0.465559,0.543511,24.910836
9.900000,0.680834,-1.088297,-0.750743,-0.974123,0.000000,0.000000,-1.808337,5.882968,4.763004,-7.666355,0.384799,0.499298,24.881627
9.920000,0.666500,-1.108060,-0.681914,-1.003366,0.000000,-0.000000,-1.665005,6.080597,4.882753,-8.196040,0.321716,0.473410,24.861250
9.940000,0.653582,-1.128480,-0.609333,-1.039919,0.000000,-0.000000,-1.535821,6.284799,4.979832,-8.782586,0.275871,0.470816,24.851719
9.960000,0.642152,-1.149715,-0.532961,-1.085307,-0.000000,0.000000,-1.421524,6.497153,5.094934,-9.532526,0.246202,0.501465,24.856350
9.980000,0.632291,-1.171968,-0.452569,-1.142124,-0.000000,-0.000000,-1.322906,6.719685,5.208241,-10.468490,0.230489,0.581675,24.879993
10.000000,0.624074,-1.195492,-0.368626,-1.212652,-0.000000,-0.000000,-1.240736,6.954918,5.284316,-11.588710,0.223534,0.735449,24.928576
