# time,pos_x,pos_y,vel_x,vel_y,mre_x,mre_y,gol_x,gol_y,atr_x,atr_y,fin_x,fin_y,tile
0.000000,0.264966,-0.307035,-0.038786,0.004592,0.000000,0.000000,3.547076,-3.028962,0.000000,0.000000,-0.038342,0.004510,11.211422
0.020000,0.264897,-0.307551,0.032151,-0.056283,-0.000000,0.000000,3.564202,-3.020719,0.000000,0.000000,0.017282,-0.031268,11.315748
0.040000,0.266257,-0.309281,0.103706,-0.116213,-0.000000,0.000000,3.611502,-3.019093,0.000000,0.000000,-0.079254,0.123141,11.669238
0.060000,0.269011,-0.312162,0.169934,-0.170927,0.000000,-0.000000,3.682811,-3.019053,0.000000,0.000000,-0.681579,0.391136,12.237145
0.080000,0.272987,-0.316091,0.226429,-0.222367,-0.000000,0.000000,3.747870,-3.039354,0.000000,0.000000,-1.282073,0.254331,12.214753
0.100000,0.278020,-0.321130,0.278857,-0.282457,0.000000,0.000000,3.787698,-3.095814,0.000000,0.000000,-0.818659,-0.015101,11.719262
0.120000,0.284239,-0.327409,0.345340,-0.345811,0.000000,-0.000000,3.834289,-3.165023,0.000000,0.000000,-0.196523,-0.045482,11.537870
0.140000,0.291901,-0.334968,0.421954,-0.410160,0.000000,0.000000,3.915378,-3.231878,0.000000,0.000000,0.049986,0.003574,11.531890
0.160000,0.301108,-0.343798,0.495712,-0.470574,-0.000000,-0.000000,4.043663,-3.296658,-0.419193,0.404028,-0.359652,0.123938,11.695265
0.180000,0.311608,-0.353744,0.550640,-0.522864,0.000000,-0.000000,4.223116,-3.358875,-0.426709,0.413567,-1.566240,0.524868,12.063840
0.200000,0.323037,-0.364664,0.591684,-0.568400,0.000000,0.000000,4.425160,-3.424811,-0.441145,0.436217,-1.972178,0.801905,12.196297
0.220000,0.335277,-0.376421,0.628821,-0.600709,0.000000,0.000000,4.608743,-3.505504,-2.369546,2.390776,-1.111396,0.740392,12.145029
0.240000,0.348119,-0.388510,0.655463,-0.607339,-0.000000,-0.000000,4.787207,-3.603646,-2.958052,2.945688,-0.762151,0.622435,12.024124
0.260000,0.361221,-0.400466,0.650292,-0.585445,0.000000,-0.000000,5.018620,-3.689815,-4.560111,4.610075,-1.045940,0.233056,11.927178
0.280000,0.374086,-0.411964,0.635576,-0.564874,-0.000000,0.000000,5.270306,-3.770532,-4.713698,4.722303,-1.235454,0.060425,12.009671
0.300000,0.386712,-0.423025,0.629367,-0.539150,0.000000,0.000000,5.457869,-3.859987,-4.885471,4.865498,-0.561814,0.577623,11.938804
0.320000,0.399254,-0.433423,0.622545,-0.498756,0.000000,0.000000,5.644641,-3.936802,-5.683232,5.692794,-0.501594,0.296304,11.772406
0.340000,0.411566,-0.442992,0.606651,-0.457673,0.000000,0.000000,5.909332,-3.966479,-5.908315,5.879627,-1.116695,0.276807,11.856537
0.360000,0.423429,-0.451676,0.577087,-0.409849,0.000000,-0.000000,6.201697,-3.972591,-6.143272,6.078806,-1.886432,0.355030,12.008074
0.380000,0.434634,-0.459396,0.544423,-0.362425,-0.000000,0.000000,6.290733,-4.165711,-6.385744,6.297977,-1.393693,0.231183,11.935865
0.400000,0.445273,-0.466170,0.521937,-0.315284,-0.000000,0.000000,6.170112,-4.287663,-6.636693,6.533227,-0.374623,0.055554,11.658072
0.420000,0.455533,-0.472024,0.503106,-0.270338,0.000000,0.000000,6.054883,-4.570296,-6.896020,6.780913,-0.236651,0.011565,11.591166
0.440000,0.465376,-0.476980,0.480993,-0.224768,0.000000,-0.000000,6.268688,-4.855592,-7.167202,7.046359,-0.265361,0.178341,11.772895
0.460000,0.474732,-0.480994,0.452311,-0.176650,0.000000,-0.000000,6.168729,-5.324139,-7.454700,7.328990,-0.615865,0.331704,11.895255
0.480000,0.483275,-0.484071,0.395003,-0.130883,-0.000000,0.000000,4.157818,-5.494428,-7.774457,7.648700,-0.412985,0.201791,11.598814
0.500000,0.490148,-0.486175,0.280614,-0.076023,-0.000000,0.000000,0.935837,-4.650884,-8.145796,8.026907,-0.215880,-0.015437,11.518839
0.520000,0.494142,-0.487084,0.123295,-0.019646,-0.000000,0.000000,2.554591,-5.413183,-8.577343,8.475012,-0.316812,-0.156866,11.611740
0.540000,0.495333,-0.486779,-0.006329,0.054665,0.000000,0.000000,2.573999,-4.741261,-9.079247,9.011801,-0.139893,0.061186,11.755130
0.560000,0.493877,-0.484964,-0.148200,0.127055,0.000000,0.000000,0.953303,-5.210874,-9.700114,9.685574,0.271476,-0.249396,11.615852
0.580000,0.489157,-0.481483,-0.321321,0.225336,0.000000,-0.000000,1.999963,-4.752103,-10.455178,10.510807,0.127445,0.060905,11.536592
0.600000,0.481195,-0.475767,-0.463534,0.341191,-0.000000,0.000000,4.957703,-6.118248,-11.360311,11.503990,0.529493,-0.466547,11.694505
0.620000,0.470735,-0.467940,-0.583393,0.444811,-0.000000,0.000000,5.500123,-5.798415,-12.465768,12.709916,0.770161,-0.984834,11.937893
0.640000,0.457762,-0.457707,-0.718568,0.585719,-0.000000,0.000000,5.620490,-5.501229,-13.844598,14.198552,0.640576,-0.607686,12.025303
0.660000,0.441749,-0.444252,-0.888485,0.765414,0.000000,0.000000,5.453292,-5.079324,-15.575408,16.035618,0.832787,-1.177623,12.117338
0.680000,0.422048,-0.426892,-1.084384,0.975405,-0.000000,0.000000,5.224675,-4.770830,-17.805279,18.359680,2.438686,-2.417296,12.571357
0.700000,0.398281,-0.405052,-1.296922,1.214621,0.000000,-0.000000,4.896902,-4.518442,-20.748766,21.410428,4.268597,-3.997667,13.100498
0.720000,0.369845,-0.378109,-1.554115,1.481977,-0.000000,0.000000,4.490584,-4.199919,-24.688965,25.495139,6.378882,-7.552394,13.805136
0.740000,0.337569,-0.347277,-1.554655,1.483112,0.000000,0.000000,4.076627,-3.828313,0.000000,0.000000,6.983766,-7.016655,13.815442
0.760000,0.308447,-0.319523,-1.368211,1.303209,0.000000,0.000000,3.737081,-3.517303,0.000000,0.000000,4.100809,-4.025762,13.184814
0.780000,0.282539,-0.294862,-1.226062,1.166593,-0.000000,-0.000000,3.457537,-3.262463,0.000000,0.000000,3.260196,-3.111829,12.891929
0.800000,0.259299,-0.272740,-1.102663,1.050169,-0.000000,0.000000,3.226759,-3.046086,0.000000,0.000000,2.220579,-1.941975,12.617329
0.820000,0.238254,-0.252646,-1.004924,0.961595,-0.000000,0.000000,3.027162,-2.861766,0.000000,0.000000,1.473459,-1.395684,12.354120
0.840000,0.219015,-0.234259,-0.921141,0.879086,-0.000000,0.000000,2.857387,-2.702937,0.000000,0.000000,1.048394,-1.005376,12.246857
0.860000,0.201373,-0.217366,-0.843004,0.811745,0.000000,-0.000000,2.708772,-2.563912,0.000000,0.000000,1.166542,-0.696441,12.105120
0.880000,0.185231,-0.201792,-0.774019,0.746747,-0.000000,0.000000,2.577957,-2.443453,0.000000,0.000000,0.525562,-0.468416,11.956897
0.900000,0.170370,-0.187393,-0.712571,0.694214,-0.000000,0.000000,2.463569,-2.336489,0.000000,0.000000,0.512454,-0.274357,11.917789
0.920000,0.156700,-0.174042,-0.655418,0.641538,-0.000000,0.000000,2.360836,-2.242514,0.000000,0.000000,0.315032,-0.189231,11.802811
0.940000,0.144093,-0.161680,-0.606250,0.595152,-0.000000,-0.000000,2.270201,-2.158489,0.000000,0.000000,0.181604,-0.087891,11.732353
0.960000,0.132495,-0.150227,-0.552898,0.549965,-0.000000,-0.000000,2.189221,-2.084122,0.000000,0.000000,0.398574,-0.125631,11.764760
0.980000,0.121905,-0.139641,-0.507047,0.509712,0.000000,-0.000000,2.116629,-2.017955,0.000000,0.000000,0.115582,0.157956,11.596523
1.000000,0.112202,-0.129826,-0.463713,0.471226,0.000000,-0.000000,2.051915,-1.959192,0.000000,0.000000,0.087964,-0.046982,11.666266
1.020000,0.103344,-0.120795,-0.423110,0.432534,0.000000,0.000000,1.994069,-1.906713,0.000000,0.000000,-0.100187,0.089452,11.554662
1.040000,0.095274,-0.112508,-0.383162,0.396220,0.000000,0.000000,1.942158,-1.860039,0.000000,0.000000,0.092274,0.075232,11.538424
1.060000,0.087996,-0.104924,-0.344467,0.362863,-0.000000,0.000000,1.896415,-1.818894,0.000000,0.000000,0.203388,0.224846,11.551513
1.080000,0.081516,-0.098005,-0.304974,0.328153,0.000000,0.000000,1.855383,-1.782703,0.000000,0.000000,-0.126595,0.013404,11.484000
1.100000,0.075769,-0.091775,-0.269257,0.295192,-0.000000,-0.000000,1.819327,-1.751212,0.000000,0.000000,-0.037136,0.060377,11.457716
1.120000,0.070719,-0.086210,-0.235692,0.262108,0.000000,0.000000,1.788012,-1.723786,0.000000,0.000000,0.035637,0.191615,11.483174
1.140000,0.066386,-0.081288,-0.198327,0.229403,-0.000000,-0.000000,1.760500,-1.700603,0.000000,0.000000,-0.088688,0.059174,11.398884
1.160000,0.062763,-0.077016,-0.163039,0.197757,0.000000,0.000000,1.737457,-1.681224,0.000000,0.000000,0.093363,0.057216,11.425635
1.180000,0.059845,-0.073382,-0.129497,0.165920,0.000000,0.000000,1.718054,-1.665643,0.000000,0.000000,-0.066498,0.092504,11.454323
1.200000,0.057587,-0.070378,-0.096627,0.134576,0.000000,-0.000000,1.702224,-1.653740,0.000000,0.000000,-0.122008,0.095263,11.356720
1.220000,0.055983,-0.068007,-0.062756,0.102186,0.000000,-0.000000,1.690285,-1.644789,0.000000,0.000000,0.171427,-0.012688,11.467179
1.240000,0.055096,-0.066289,-0.026585,0.069745,0.000000,0.000000,1.681638,-1.639986,0.000000,0.000000,0.054430,0.025700,11.383896
1.260000,0.054907,-0.065215,0.007263,0.037767,0.000000,0.000000,1.676649,-1.638323,0.000000,0.000000,-0.043569,0.054614,11.352485
1.280000,0.055367,-0.064782,0.038143,0.005308,0.000000,0.000000,1.675308,-1.640112,0.000000,0.000000,-0.179275,0.023424,11.490571
1.300000,0.056445,-0.065002,0.070626,-0.027651,0.000000,-0.000000,1.676914,-1.645107,0.000000,0.000000,0.083718,-0.043459,11.315028
1.320000,0.058210,-0.065890,0.105728,-0.061152,-0.000000,0.000000,1.682584,-1.653670,0.000000,0.000000,0.086798,-0.059116,11.460734
1.340000,0.060696,-0.067452,0.142580,-0.094879,0.000000,-0.000000,1.691605,-1.665841,0.000000,0.000000,0.024229,-0.015317,11.371126
1.360000,0.063877,-0.069685,0.175647,-0.128537,0.000000,-0.000000,1.704213,-1.682154,0.000000,0.000000,0.023280,-0.020436,11.411302
1.380000,0.067719,-0.072605,0.207127,-0.163900,-0.000000,0.000000,1.721042,-1.701584,0.000000,0.000000,-0.240923,-0.104729,11.449788
1.400000,0.072200,-0.076238,0.242501,-0.198959,-0.000000,-0.000000,1.741223,-1.725333,0.000000,0.000000,0.158656,0.025274,11.466298
1.420000,0.077427,-0.080573,0.280378,-0.234927,0.000000,0.000000,1.766106,-1.753070,0.000000,0.000000,0.177633,-0.070322,11.451019
1.440000,0.083405,-0.085624,0.315700,-0.269669,0.000000,0.000000,1.794941,-1.785610,0.000000,0.000000,-0.275048,0.093836,11.534310
1.460000,0.090045,-0.091379,0.350115,-0.306576,-0.000000,-0.000000,1.828428,-1.822615,0.000000,0.000000,0.045400,-0.116263,11.464657
1.480000,0.097399,-0.097902,0.385370,-0.345666,0.000000,-0.000000,1.866642,-1.864227,0.000000,0.000000,-0.005313,-0.032929,11.529158
1.500000,0.105491,-0.105174,0.424250,-0.380811,0.000000,-0.000000,1.910344,-1.911966,0.000000,0.000000,0.079451,0.158242,11.587002
1.520000,0.114380,-0.113163,0.464367,-0.418420,-0.000000,-0.000000,1.958942,-1.964783,0.000000,0.000000,-0.066955,0.122059,11.561491
1.540000,0.124036,-0.121893,0.501367,-0.454800,0.000000,0.000000,2.013503,-2.024868,0.000000,0.000000,-0.105495,0.111600,11.618670
1.560000,0.134446,-0.131394,0.539163,-0.495243,-0.000000,0.000000,2.074221,-2.091217,0.000000,0.000000,-0.260727,0.192338,11.704795
1.580000,0.145599,-0.141688,0.577460,-0.535229,0.000000,0.000000,2.141605,-2.164786,0.000000,0.000000,0.009514,-0.009088,11.625451
1.600000,0.157585,-0.152809,0.620246,-0.574540,-0.000000,0.000000,2.216794,-2.247529,0.000000,0.000000,-0.336735,0.690728,11.868784
1.620000,0.170352,-0.164635,0.658017,-0.610362,0.000000,0.000000,2.298740,-2.338130,0.000000,0.000000,-0.111558,0.243318,11.703206
1.640000,0.183958,-0.177274,0.701461,-0.653353,0.000000,0.000000,2.389841,-2.439952,0.000000,0.000000,-0.516590,0.427747,11.908837
1.660000,0.198343,-0.190720,0.738113,-0.691468,0.000000,0.000000,2.489140,-2.551729,0.000000,0.000000,-0.393086,0.497026,11.860481
1.680000,0.213540,-0.204987,0.781163,-0.735527,0.000000,-0.000000,2.599448,-2.676191,0.000000,0.000000,-0.580725,0.540654,11.959878
1.700000,0.229566,-0.220101,0.820756,-0.773711,0.000000,0.000000,2.719008,-2.814129,0.000000,0.000000,-0.870273,1.213349,12.036654
1.720000,0.246370,-0.235954,0.860926,-0.814273,-0.000000,-0.000000,2.850764,-2.967115,0.000000,0.000000,-0.659229,0.661600,12.050825
1.740000,0.264010,-0.252685,0.901536,-0.857824,0.000000,0.000000,2.993578,-3.137085,0.000000,0.000000,-1.152148,1.111781,12.158880
1.760000,0.282422,-0.270250,0.941112,-0.900140,0.000000,-0.000000,3.150590,-3.326454,0.000000,0.000000,-1.034685,0.943428,12.192951
1.780000,0.301649,-0.288733,0.981312,-0.947303,-0.000000,-0.000000,3.320656,-3.537642,0.000000,0.000000,-1.299791,1.386328,12.272684
1.800000,0.321652,-0.308087,1.017913,-0.988996,-0.000000,0.000000,3.507033,-3.773143,0.000000,0.000000,-1.753819,1.443506,12.368714
1.820000,0.342377,-0.328343,1.056273,-1.036539,-0.000000,-0.000000,3.705770,-4.038286,0.000000,0.000000,-1.601207,1.743640,12.420855
1.840000,0.363882,-0.349541,1.091911,-1.083853,-0.000000,0.000000,3.922807,-4.335892,0.000000,0.000000,-2.394385,1.925729,12.556826
1.860000,0.384879,-0.369515,1.001355,-0.896912,0.000000,-0.000000,4.111711,-4.664141,-7.468956,13.571282,-1.277843,1.095485,12.206511
1.880000,0.404016,-0.385535,0.914849,-0.709263,0.000000,-0.000000,4.210439,-5.023499,-7.253446,13.318987,-0.827448,0.487766,12.018091
1.900000,0.421589,-0.398014,0.844024,-0.541408,-0.000000,-0.000000,4.171447,-5.430847,-7.113519,13.187521,-0.416280,0.198260,11.812073
1.920000,0.437789,-0.407301,0.775550,-0.389136,-0.000000,0.000000,3.954073,-5.898053,-7.037100,13.157854,-0.323086,0.098781,11.726143
1.940000,0.452630,-0.413652,0.708509,-0.248145,-0.000000,0.000000,3.509884,-6.401784,-7.015083,13.220400,0.036978,-0.047957,11.574362
1.960000,0.466051,-0.417272,0.630916,-0.114518,-0.000000,0.000000,2.821105,-6.886700,-7.039148,13.370471,0.028407,0.015605,11.529796
1.980000,0.477792,-0.418282,0.540119,0.013271,0.000000,0.000000,1.969148,-7.254508,-7.104911,13.613837,0.061796,0.028312,11.487377
2.000000,0.487518,-0.416731,0.429968,0.142492,-0.000000,0.000000,1.108300,-7.441628,-7.207912,13.961772,0.215598,0.076110,11.377688
2.020000,0.494879,-0.412531,0.302800,0.278838,-0.000000,0.000000,0.434772,-7.459762,-7.344625,14.427698,0.045300,0.045833,11.458680
2.040000,0.499517,-0.405490,0.159513,0.428217,0.000000,0.000000,0.035076,-7.359957,-7.516508,15.041306,0.119638,0.186519,11.392580
2.060000,0.501199,-0.395305,0.007435,0.593180,-0.000000,0.000000,-0.084885,-7.206890,-7.726981,15.833791,0.077122,0.088854,11.504990
2.080000,0.499782,-0.381624,-0.149861,0.778294,-0.000000,0.000000,0.010880,-7.000442,-7.978438,16.848233,0.033375,-0.122783,11.641685
2.100000,0.495193,-0.364031,-0.308411,0.984868,-0.000000,0.000000,0.239089,-6.738171,-8.276365,18.140821,0.246973,-0.566345,11.855388
2.120000,0.487461,-0.342082,-0.464342,1.214689,0.000000,0.000000,0.508860,-6.410145,-8.625955,19.786409,0.516149,-1.222618,12.159057
2.140000,0.476696,-0.315324,-0.611104,1.463893,-0.000000,0.000000,0.758269,-6.012560,-9.023277,21.867664,1.031802,-2.834049,12.565249
2.160000,0.463685,-0.284866,-0.645171,1.478328,0.000000,0.000000,0.942379,-5.580098,0.000000,0.000000,1.309634,-3.046755,12.619084
2.180000,0.451185,-0.256910,-0.605474,1.323040,0.000000,0.000000,1.045787,-5.205698,0.000000,0.000000,0.916353,-1.806642,12.358290
2.200000,0.439450,-0.231816,-0.569430,1.189067,0.000000,0.000000,1.103436,-4.887254,0.000000,0.000000,0.486271,-1.241175,12.158579
2.220000,0.428389,-0.209200,-0.537032,1.073957,0.000000,0.000000,1.136344,-4.614286,0.000000,0.000000,0.340632,-0.990162,12.029692
2.240000,0.417935,-0.188769,-0.508265,0.971654,0.000000,0.000000,1.154786,-4.378496,0.000000,0.000000,0.297549,-0.538296,11.900446
2.260000,0.408040,-0.170291,-0.481881,0.878262,0.000000,-0.000000,1.164224,-4.173388,0.000000,0.000000,0.175597,-0.197908,11.796789
2.280000,0.398663,-0.153591,-0.456764,0.792473,0.000000,0.000000,1.168372,-3.993984,0.000000,0.000000,0.022341,-0.075176,11.712591
2.300000,0.389773,-0.138541,-0.432672,0.713294,-0.000000,-0.000000,1.169938,-3.836513,0.000000,0.000000,-0.040844,0.007031,11.633359
2.320000,0.381345,-0.125028,-0.409949,0.638805,0.000000,-0.000000,1.170347,-3.698205,0.000000,0.000000,0.001174,0.067853,11.572066
2.340000,0.373369,-0.112971,-0.387735,0.567672,0.000000,-0.000000,1.170288,-3.576729,0.000000,0.000000,-0.067256,0.118621,11.524880
2.360000,0.365829,-0.102297,-0.366473,0.500018,0.000000,0.000000,1.170630,-3.470039,0.000000,0.000000,-0.133609,0.112906,11.488557
2.380000,0.358709,-0.092955,-0.345297,0.434488,-0.000000,0.000000,1.172080,-3.376603,0.000000,0.000000,-0.110263,0.137464,11.443061
2.400000,0.352013,-0.084903,-0.324402,0.371183,0.000000,0.000000,1.174802,-3.295320,0.000000,0.000000,-0.175451,0.208052,11.394885
2.420000,0.345732,-0.078101,-0.303597,0.308904,0.000000,-0.000000,1.179192,-3.225073,0.000000,0.000000,-0.158203,0.151437,11.384823
2.440000,0.339863,-0.072533,-0.282900,0.247819,0.000000,-0.000000,1.185696,-3.165014,0.000000,0.000000,-0.096532,0.103897,11.393185
2.460000,0.334413,-0.068181,-0.262251,0.187585,-0.000000,0.000000,1.194404,-3.114547,0.000000,0.000000,-0.141785,0.107242,11.330522
2.480000,0.329382,-0.065034,-0.241043,0.127225,0.000000,0.000000,1.205507,-3.073217,0.000000,0.000000,-0.168529,0.083486,11.312895
2.500000,0.324773,-0.063088,-0.219686,0.067298,0.000000,-0.000000,1.219373,-3.040550,0.000000,0.000000,-0.118678,0.057086,11.356528
2.520000,0.320599,-0.062343,-0.197714,0.007131,0.000000,0.000000,1.236397,-3.016156,0.000000,0.000000,-0.141290,0.008490,11.296466
2.540000,0.316870,-0.062800,-0.175122,-0.052888,0.000000,0.000000,1.256707,-2.999972,0.000000,0.000000,-0.133743,-0.030458,11.279499
2.560000,0.313598,-0.064466,-0.151816,-0.113854,0.000000,-0.000000,1.280513,-2.991905,0.000000,0.000000,-0.081239,-0.099535,11.340805
2.580000,0.310801,-0.067364,-0.127691,-0.175803,0.000000,0.000000,1.308441,-2.991863,0.000000,0.000000,-0.071247,-0.103132,11.318358
2.600000,0.308497,-0.071495,-0.102377,-0.237430,0.000000,-0.000000,1.340753,-2.999963,0.000000,0.000000,-0.042587,-0.153438,11.329786
2.620000,0.306708,-0.076878,-0.076388,-0.300885,-0.000000,0.000000,1.377839,-3.016261,0.000000,0.000000,-0.032885,-0.184407,11.356937
2.640000,0.305452,-0.083536,-0.049141,-0.365124,-0.000000,-0.000000,1.420478,-3.040895,0.000000,0.000000,-0.034676,-0.221490,11.340848
2.660000,0.304753,-0.091483,-0.020787,-0.429611,-0.000000,0.000000,1.469339,-3.074167,0.000000,0.000000,-0.072797,-0.177891,11.408639
2.680000,0.304630,-0.100732,0.008964,-0.495635,0.000000,0.000000,1.524928,-3.116390,0.000000,0.000000,-0.014663,-0.197413,11.427408
2.700000,0.305113,-0.111302,0.039885,-0.561774,0.000000,0.000000,1.588234,-3.167836,0.000000,0.000000,0.035399,-0.230501,11.426793
2.720000,0.306233,-0.123209,0.071977,-0.628145,0.000000,0.000000,1.660418,-3.228749,0.000000,0.000000,-0.018257,-0.005832,11.528770
2.740000,0.308013,-0.136445,0.106405,-0.696195,0.000000,0.000000,1.742551,-3.299561,0.000000,0.000000,-0.013077,-0.120567,11.543750
2.760000,0.310489,-0.151030,0.141782,-0.762751,0.000000,-0.000000,1.835983,-3.380736,0.000000,0.000000,0.038079,-0.116421,11.570238
2.780000,0.313698,-0.166973,0.179122,-0.830217,-0.000000,0.000000,1.942547,-3.472528,0.000000,0.000000,-0.026450,0.263152,11.687941
2.800000,0.317675,-0.184255,0.218697,-0.898652,-0.000000,0.000000,2.064483,-3.575054,0.000000,0.000000,-0.088394,0.227653,11.723089
2.820000,0.322454,-0.202883,0.259781,-0.964554,0.000000,-0.000000,2.204241,-3.688565,0.000000,0.000000,-0.085171,0.287903,11.781473
2.840000,0.328081,-0.222849,0.303026,-1.031250,-0.000000,0.000000,2.365094,-3.812765,0.000000,0.000000,-0.189719,0.571639,11.891515
2.860000,0.334589,-0.244129,0.348527,-1.097343,-0.000000,-0.000000,2.551346,-3.946516,0.000000,0.000000,-0.215653,0.599419,11.935305
2.880000,0.342028,-0.266702,0.395997,-1.159746,0.000000,0.000000,2.768340,-4.088369,0.000000,0.000000,-0.276427,0.809804,12.016809
2.900000,0.350443,-0.290537,0.445795,-1.221679,-0.000000,0.000000,3.023348,-4.234772,0.000000,0.000000,-0.433608,1.327042,12.155649
2.920000,0.359883,-0.315583,0.498724,-1.282124,0.000000,0.000000,3.326312,-4.378854,0.000000,0.000000,-0.561623,1.624069,12.239707
2.940000,0.370413,-0.341784,0.554479,-1.338277,-0.000000,0.000000,3.692110,-4.508538,0.000000,0.000000,-0.770991,1.807956,12.322577
2.960000,0.382272,-0.367982,0.635278,-1.262441,0.000000,0.000000,4.114407,-4.613914,1.156839,7.985695,-0.890817,1.544205,12.287540
2.980000,0.395900,-0.392258,0.728864,-1.166332,0.000000,-0.000000,4.550668,-4.710037,1.185428,8.151457,-0.931363,1.253415,12.225865
3.000000,0.411474,-0.414638,0.830224,-1.072055,-0.000000,-0.000000,4.990721,-4.813406,1.203839,8.371225,-0.921513,1.096597,12.181932
3.020000,0.429157,-0.435144,0.938731,-0.978175,-0.000000,0.000000,5.413665,-4.958293,1.207670,8.647110,-1.056173,1.031498,12.183587
3.040000,0.449070,-0.453773,1.052207,-0.884150,-0.000000,-0.000000,5.757822,-5.228342,1.191600,8.982551,-1.347383,1.076036,12.232590
3.060000,0.471264,-0.470527,1.165803,-0.792093,0.000000,-0.000000,5.753400,-5.901854,1.149255,9.381504,-1.696823,1.070397,12.293180
3.080000,0.495559,-0.485567,1.254170,-0.718607,-0.000000,0.000000,2.578499,-8.276905,1.073870,9.843752,-1.828796,1.001607,12.328968
3.100000,0.519974,-0.499169,1.148558,-0.607993,0.000000,-0.000000,-8.597109,-0.332987,0.977982,10.358583,-1.097339,0.564516,12.106687
3.120000,0.541281,-0.508992,0.987237,-0.367538,-0.000000,-0.000000,-8.034323,1.756551,0.905218,10.979630,-0.295145,0.107012,11.803712
3.140000,0.559580,-0.513724,0.845251,-0.103325,-0.000000,-0.000000,-7.703060,1.775893,0.862152,11.767939,0.075964,-0.010204,11.610668
3.160000,0.575146,-0.513046,0.712276,0.172942,0.000000,-0.000000,-7.544213,1.310099,0.851855,12.777000,0.188565,0.041195,11.524499
3.180000,0.588096,-0.506719,0.582939,0.461659,0.000000,0.000000,-7.442321,0.567433,0.883311,14.078052,0.110959,0.087832,11.540122
3.200000,0.598473,-0.494491,0.455124,0.762774,0.000000,-0.000000,-7.291683,-0.408237,0.974756,15.773708,-0.069196,-0.063385,11.663752
3.220000,0.606324,-0.476122,0.331331,1.075888,0.000000,-0.000000,-6.970722,-1.565809,1.159300,18.014323,-0.247186,-0.556835,11.901812
3.240000,0.611792,-0.451375,0.218620,1.401006,-0.000000,0.000000,-6.373645,-2.772703,1.494912,21.024414,-0.366283,-1.714213,12.263876
3.260000,0.615210,-0.419990,0.128433,1.740766,0.000000,0.000000,-5.489942,-3.813104,2.082716,25.144068,-0.395061,-3.839209,12.772736
3.280000,0.617160,-0.381596,0.073748,2.103564,0.000000,-0.000000,-4.444879,-4.492500,3.103100,30.904946,-0.358277,-7.473333,13.457661
3.300000,0.618476,-0.335661,0.061089,2.449511,0.000000,0.000000,-3.421949,-4.746865,0.000000,0.000000,-0.347921,-12.532015,14.241838
3.320000,0.619039,-0.289788,-0.001306,2.152971,-0.000000,-0.000000,-2.652391,-4.683992,0.000000,0.000000,0.027925,-7.979973,13.551128
3.340000,0.618541,-0.249073,-0.046359,1.928021,0.000000,-0.000000,-2.128367,-4.505343,0.000000,0.000000,0.180833,-5.418630,13.094380
3.360000,0.617256,-0.212374,-0.080780,1.748441,-0.000000,-0.000000,-1.751573,-4.296527,0.000000,0.000000,0.223914,-3.838838,12.775306
3.380000,0.615360,-0.178933,-0.108041,1.600253,0.000000,-0.000000,-1.468699,-4.087591,0.000000,0.000000,0.254830,-2.691064,12.527896
3.400000,0.612969,-0.148219,-0.130457,1.474543,-0.000000,0.000000,-1.249026,-3.889404,0.000000,0.000000,0.248095,-1.998320,12.342814
3.420000,0.610164,-0.119839,-0.149408,1.365700,-0.000000,0.000000,-1.073830,-3.705576,0.000000,0.000000,0.195910,-1.393521,12.180990
3.440000,0.607007,-0.093497,-0.165927,1.270278,-0.000000,0.000000,-0.931027,-3.536759,0.000000,0.000000,0.138137,-0.903506,12.045444
3.460000,0.603539,-0.068959,-0.180621,1.185106,0.000000,0.000000,-0.812484,-3.382396,0.000000,0.000000,0.114383,-0.651046,11.949482
3.480000,0.599793,-0.046042,-0.193752,1.107957,-0.000000,0.000000,-0.712576,-3.241473,0.000000,0.000000,0.085952,-0.473229,11.869910
3.500000,0.595795,-0.024597,-0.205894,1.037523,-0.000000,-0.000000,-0.627256,-3.112858,0.000000,0.000000,0.038576,-0.247807,11.793313
3.520000,0.591562,-0.004499,-0.217284,0.973068,0.000000,-0.000000,-0.553509,-2.995402,0.000000,0.000000,0.009306,-0.076792,11.723550
3.540000,0.587110,0.014360,-0.227817,0.913605,-0.000000,-0.000000,-0.489100,-2.888020,0.000000,0.000000,-0.016776,0.016240,11.674934
3.560000,0.582454,0.032070,-0.237678,0.858097,0.000000,0.000000,-0.432314,-2.789727,0.000000,0.000000,-0.040958,0.095440,11.631443
3.580000,0.577609,0.048708,-0.246684,0.806169,-0.000000,-0.000000,-0.381834,-2.699651,0.000000,0.000000,-0.044014,0.187106,11.585392
3.600000,0.572591,0.064335,-0.254952,0.756933,-0.000000,0.000000,-0.336632,-2.617025,0.000000,0.000000,-0.074956,0.233664,11.539735
3.620000,0.567414,0.079001,-0.262706,0.710022,-0.000000,-0.000000,-0.295880,-2.541216,0.000000,0.000000,-0.072084,0.212764,11.525497
3.640000,0.562087,0.092746,-0.269881,0.664721,0.000000,-0.000000,-0.258898,-2.471663,0.000000,0.000000,-0.099569,0.248809,11.490021
3.660000,0.556618,0.105603,-0.277007,0.621253,-0.000000,-0.000000,-0.225115,-2.407884,0.000000,0.000000,-0.128292,0.298718,11.451569
3.680000,0.551009,0.117605,-0.283841,0.579209,0.000000,0.000000,-0.194043,-2.349432,0.000000,0.000000,-0.134600,0.265803,11.443784
3.700000,0.545265,0.128779,-0.290522,0.538454,0.000000,0.000000,-0.165282,-2.295917,0.000000,0.000000,-0.167744,0.295952,11.417342
3.720000,0.539391,0.139151,-0.296903,0.498853,0.000000,0.000000,-0.138478,-2.246989,0.000000,0.000000,-0.160334,0.286026,11.400264
3.740000,0.533391,0.148739,-0.303009,0.460124,0.000000,-0.000000,-0.113355,-2.202337,0.000000,0.000000,-0.195972,0.298185,11.374707
3.760000,0.527272,0.157561,-0.308904,0.422150,0.000000,-0.000000,-0.089653,-2.161703,0.000000,0.000000,-0.179732,0.261312,11.375645
3.780000,0.521038,0.165627,-0.314413,0.384586,-0.000000,0.000000,-0.067159,-2.124857,0.000000,0.000000,-0.213175,0.265298,11.349927
3.800000,0.514695,0.172948,-0.319871,0.347526,0.000000,0.000000,-0.045673,-2.091607,0.000000,0.000000,-0.228042,0.253580,11.333853
3.820000,0.508247,0.179529,-0.324927,0.310653,-0.000000,-0.000000,-0.025022,-2.061785,0.000000,0.000000,-0.221876,0.212848,11.341331
3.840000,0.501698,0.185375,-0.329846,0.273955,0.000000,0.000000,-0.005042,-2.035246,0.000000,0.000000,-0.243198,0.207169,11.318422
3.860000,0.495053,0.190487,-0.334646,0.237197,-0.000000,-0.000000,0.014416,-2.011873,0.000000,0.000000,-0.248708,0.179571,11.310270
3.880000,0.488315,0.194864,-0.339144,0.200474,0.000000,0.000000,0.033490,-1.991566,0.000000,0.000000,-0.253659,0.139376,11.315930
3.900000,0.481489,0.198504,-0.343360,0.163526,0.000000,-0.000000,0.052319,-1.974247,0.000000,0.000000,-0.263859,0.127486,11.300208
3.920000,0.474580,0.201403,-0.347412,0.126377,0.000000,0.000000,0.071026,-1.959847,0.000000,0.000000,-0.267677,0.095260,11.295910
3.940000,0.467594,0.203557,-0.351205,0.088960,-0.000000,0.000000,0.089739,-1.948318,0.000000,0.000000,-0.261519,0.059279,11.304519
3.960000,0.460536,0.204958,-0.354582,0.051082,-0.000000,0.000000,0.108580,-1.939633,0.000000,0.000000,-0.277433,0.037132,11.297238
3.980000,0.453413,0.205597,-0.357645,0.012744,0.000000,-0.000000,0.127675,-1.933772,0.000000,0.000000,-0.281037,0.007896,11.290696
4.000000,0.446231,0.205465,-0.360533,-0.026041,-0.000000,-0.000000,0.147156,-1.930731,0.000000,0.000000,-0.283318,-0.025689,11.294632
4.020000,0.438996,0.204551,-0.362940,-0.065419,0.000000,-0.000000,0.167157,-1.930524,0.000000,0.000000,-0.272048,-0.050621,11.303795
4.040000,0.431715,0.202845,-0.364992,-0.105360,-0.000000,0.000000,0.187815,-1.933165,0.000000,0.000000,-0.275523,-0.066436,11.310685
4.060000,0.424398,0.200333,-0.366630,-0.145930,0.000000,-0.000000,0.209286,-1.938689,0.000000,0.000000,-0.273209,-0.114397,11.310937
4.080000,0.417054,0.197004,-0.367731,-0.187128,0.000000,-0.000000,0.231719,-1.947139,0.000000,0.000000,-0.286007,-0.142711,11.310608
4.100000,0.409692,0.192843,-0.368307,-0.229091,-0.000000,0.000000,0.255287,-1.958576,0.000000,0.000000,-0.252995,-0.140189,11.335444
4.120000,0.402327,0.187835,-0.368097,-0.271810,-0.000000,0.000000,0.280177,-1.973073,0.000000,0.000000,-0.253451,-0.180105,11.340536
4.140000,0.394972,0.181965,-0.367310,-0.315388,-0.000000,0.000000,0.306586,-1.990715,0.000000,0.000000,-0.249466,-0.201276,11.351354
4.160000,0.387640,0.175216,-0.365784,-0.359666,-0.000000,0.000000,0.334743,-2.011604,0.000000,0.000000,-0.244550,-0.231096,11.360667
4.180000,0.380347,0.167573,-0.363360,-0.404709,-0.000000,0.000000,0.364896,-2.035842,0.000000,0.000000,-0.213439,-0.235789,11.382742
4.200000,0.373112,0.159022,-0.360017,-0.450518,0.000000,-0.000000,0.397316,-2.063527,0.000000,0.000000,-0.223904,-0.242110,11.397934
4.220000,0.365954,0.149549,-0.355569,-0.496952,0.000000,-0.000000,0.432301,-2.094796,0.000000,0.000000,-0.154564,-0.235840,11.425686
4.240000,0.358898,0.139140,-0.349799,-0.544103,-0.000000,0.000000,0.470188,-2.129765,0.000000,0.000000,-0.155896,-0.239430,11.449935
4.260000,0.351968,0.127780,-0.342974,-0.591905,-0.000000,-0.000000,0.511359,-2.168582,0.000000,0.000000,-0.143276,-0.253648,11.463680
4.280000,0.345188,0.115456,-0.334820,-0.640580,0.000000,-0.000000,0.556257,-2.211381,0.000000,0.000000,-0.129103,-0.250330,11.490872
4.300000,0.338585,0.102156,-0.325240,-0.689704,-0.000000,0.000000,0.605365,-2.258303,0.000000,0.000000,-0.075132,-0.189486,11.530098
4.320000,0.332190,0.087867,-0.314009,-0.739194,0.000000,0.000000,0.659252,-2.309470,0.000000,0.000000,-0.053469,-0.162856,11.560427
4.340000,0.326034,0.072582,-0.301247,-0.789341,-0.000000,-0.000000,0.718557,-2.365004,0.000000,0.000000,-0.051879,-0.186237,11.585937
4.360000,0.320150,0.056291,-0.286828,-0.839857,0.000000,0.000000,0.784001,-2.425001,0.000000,0.000000,-0.024386,-0.090273,11.623954
4.380000,0.314573,0.038986,-0.270670,-0.890643,0.000000,-0.000000,0.856465,-2.489510,0.000000,0.000000,-0.005221,-0.064026,11.667471
4.400000,0.309337,0.020668,-0.252635,-0.941109,0.000000,-0.000000,0.936892,-2.558500,0.000000,0.000000,0.020763,0.092968,11.720214
4.420000,0.304480,0.001342,-0.232603,-0.991476,-0.000000,0.000000,1.026399,-2.631850,0.000000,0.000000,0.029533,0.071479,11.739025
4.440000,0.300046,-0.018989,-0.210413,-1.041481,0.000000,-0.000000,1.126249,-2.709334,0.000000,0.000000,0.038395,0.247727,11.797408
4.460000,0.296082,-0.040312,-0.185632,-1.090695,0.000000,0.000000,1.237904,-2.790583,0.000000,0.000000,0.054378,0.366203,11.855340
4.480000,0.292637,-0.062615,-0.158335,-1.139402,0.000000,-0.000000,1.363023,-2.875008,0.000000,0.000000,0.070604,0.446685,11.886312
4.500000,0.289765,-0.085881,-0.128385,-1.187025,0.000000,-0.000000,1.503583,-2.961747,0.000000,0.000000,0.057967,0.619040,11.946975
4.520000,0.287521,-0.110090,-0.095572,-1.233627,0.000000,0.000000,1.661826,-3.049551,0.000000,0.000000,0.075665,0.744804,11.992653
4.540000,0.285965,-0.135215,-0.059499,-1.278650,0.000000,-0.000000,1.840380,-3.136606,0.000000,0.000000,0.003156,0.928543,12.051339
4.560000,0.285161,-0.161224,-0.020203,-1.321990,-0.000000,-0.000000,2.042252,-3.220415,0.000000,0.000000,0.030901,1.137087,12.105837
4.580000,0.285181,-0.188081,0.022814,-1.363325,-0.000000,0.000000,2.270949,-3.297425,0.000000,0.000000,-0.015648,1.264385,12.161569
4.600000,0.286100,-0.215742,0.069765,-1.402330,0.000000,-0.000000,2.530407,-3.362753,0.000000,0.000000,-0.061162,1.495850,12.212550
4.620000,0.288003,-0.244157,0.121261,-1.438724,-0.000000,0.000000,2.825161,-3.409471,0.000000,0.000000,-0.176685,1.682492,12.272921
4.640000,0.290982,-0.273268,0.177498,-1.471915,-0.000000,-0.000000,3.160103,-3.427940,0.000000,0.000000,-0.193694,1.829256,12.318376
4.660000,0.295137,-0.303007,0.238826,-1.501252,0.000000,-0.000000,3.540353,-3.404349,0.000000,0.000000,-0.339618,2.064860,12.387417
4.680000,0.300575,-0.333286,0.305952,-1.525704,-0.000000,0.000000,3.970306,-3.319095,0.000000,0.000000,-0.464708,2.224195,12.429872
4.700000,0.307416,-0.363988,0.379214,-1.543335,-0.000000,0.000000,4.452058,-3.144252,0.000000,0.000000,-0.627671,2.421421,12.483639
4.720000,0.315791,-0.394967,0.459507,-1.552894,0.000000,0.000000,4.981747,-2.840510,0.000000,0.000000,-0.806667,2.590639,12.534697
4.740000,0.326288,-0.426147,0.639434,-1.575248,0.000000,0.000000,5.547105,-2.358308,9.843473,-2.675533,-1.228325,3.020606,12.660515
4.760000,0.341908,-0.457953,0.922634,-1.600448,0.000000,0.000000,6.146782,-1.634806,10.302153,-2.844869,-2.272606,3.966555,12.929054
4.780000,0.363188,-0.489953,1.204696,-1.593518,0.000000,0.000000,6.710673,-0.492809,10.935761,-3.078523,-3.635825,4.862002,13.214403
4.800000,0.390051,-0.521423,1.479579,-1.546033,-0.000000,-0.000000,6.967789,1.357648,11.771945,-3.402409,-5.325349,5.591793,13.506479
4.820000,0.422238,-0.551458,1.733911,-1.448520,-0.000000,0.000000,6.160922,4.076833,12.839562,-3.855220,-7.186215,5.975917,13.766531
4.840000,0.459100,-0.579036,1.942248,-1.303241,-0.000000,0.000000,3.426063,6.620730,14.154540,-4.489945,-8.707771,5.849406,13.948057
4.860000,0.499495,-0.603510,2.087509,-1.146708,0.000000,-0.000000,0.035244,7.228223,15.703227,-5.364617,-9.796181,5.374729,14.048606
4.880000,0.542314,-0.625137,2.190061,-1.023913,0.000000,0.000000,-2.178811,6.443572,17.451809,-6.531186,-10.691791,4.999732,14.140317
4.900000,0.587012,-0.644813,2.279360,-0.952530,0.000000,-0.000000,-3.238661,5.390040,19.365684,-8.038715,-11.670602,4.876286,14.264224
4.920000,0.633237,-0.663469,2.267580,-0.886380,0.000000,0.000000,-3.632113,4.456227,0.000000,0.000000,-11.208305,4.385175,14.175878
4.940000,0.675914,-0.679611,2.013006,-0.735918,0.000000,0.000000,-3.687882,3.765390,0.000000,0.000000,-7.246965,2.654446,13.506097
4.960000,0.714161,-0.693155,1.819687,-0.623284,-0.000000,-0.000000,-3.614534,3.259989,0.000000,0.000000,-4.938150,1.690879,13.062281
4.980000,0.748961,-0.704701,1.665648,-0.534642,-0.000000,0.000000,-3.494559,2.873301,0.000000,0.000000,-3.476903,1.100170,12.745170
5.000000,0.780966,-0.714648,1.538556,-0.462257,0.000000,0.000000,-3.359983,2.566908,0.000000,0.000000,-2.485468,0.732294,12.506109
5.020000,0.810633,-0.723268,1.430940,-0.401446,-0.000000,0.000000,-3.224335,2.317501,0.000000,0.000000,-1.765993,0.484229,12.317300
5.040000,0.838301,-0.730763,1.338020,-0.349251,-0.000000,0.000000,-3.093494,2.110143,0.000000,0.000000,-1.244312,0.320405,12.167568
5.060000,0.864230,-0.737282,1.256510,-0.303646,0.000000,0.000000,-2.969919,1.934792,0.000000,0.000000,-0.855655,0.204691,12.045288
5.080000,0.888622,-0.742943,1.184016,-0.263202,0.000000,-0.000000,-2.854462,1.784438,0.000000,0.000000,-0.563044,0.126960,11.944666
5.100000,0.911640,-0.747838,1.118838,-0.226855,0.000000,0.000000,-2.747204,1.654021,0.000000,0.000000,-0.351353,0.070342,11.861567
5.120000,0.933415,-0.752039,1.059583,-0.193851,0.000000,0.000000,-2.647864,1.539787,0.000000,0.000000,-0.190369,0.037581,11.791914
5.140000,0.954055,-0.755610,1.005224,-0.163681,0.000000,0.000000,-2.555991,1.438895,0.000000,0.000000,-0.048017,0.004639,11.729018
5.160000,0.973651,-0.758602,0.955006,-0.135852,-0.000000,0.000000,-2.471075,1.349148,0.000000,0.000000,0.059348,-0.007867,11.674661
5.180000,0.992279,-0.761057,0.908325,-0.109948,0.000000,0.000000,-2.392604,1.268806,0.000000,0.000000,0.134100,-0.015385,11.631594
5.200000,1.010004,-0.763011,0.864622,-0.085681,-0.000000,0.000000,-2.320084,1.196476,0.000000,0.000000,0.199573,-0.021460,11.587765
5.220000,1.026881,-0.764494,0.823419,-0.062799,-0.000000,0.000000,-2.253063,1.131036,0.000000,0.000000,0.249730,-0.021378,11.551703
5.240000,1.042956,-0.765531,0.784437,-0.041128,0.000000,-0.000000,-2.191124,1.071563,0.000000,0.000000,0.293987,-0.015264,11.519151
5.260000,1.058271,-0.766146,0.747337,-0.020525,0.000000,-0.000000,-2.133880,1.017291,0.000000,0.000000,0.321613,-0.006780,11.490332
5.280000,1.072860,-0.766358,0.711813,-0.000753,0.000000,-0.000000,-2.080995,0.967582,0.000000,0.000000,0.343921,0.001127,11.463773
5.300000,1.086753,-0.766182,0.677709,0.018235,-0.000000,-0.000000,-2.032165,0.921895,0.000000,0.000000,0.356810,0.010102,11.440158
5.320000,1.099976,-0.765633,0.644780,0.036514,-0.000000,0.000000,-1.987113,0.879774,0.000000,0.000000,0.366487,0.019988,11.418990
5.340000,1.112551,-0.764725,0.612869,0.054265,0.000000,0.000000,-1.945598,0.840824,0.000000,0.000000,0.369572,0.035823,11.401620
5.360000,1.124497,-0.763466,0.581836,0.071517,0.000000,0.000000,-1.907403,0.804705,0.000000,0.000000,0.373663,0.046398,11.382541
5.380000,1.135829,-0.761867,0.551498,0.088301,0.000000,0.000000,-1.872337,0.771125,0.000000,0.000000,0.369983,0.059193,11.367291
5.400000,1.146561,-0.759936,0.521780,0.104732,-0.000000,0.000000,-1.840230,0.739826,0.000000,0.000000,0.370237,0.073213,11.350755
5.420000,1.156703,-0.757680,0.492543,0.120876,0.000000,0.000000,-1.810935,0.710581,0.000000,0.000000,0.352838,0.091677,11.342017
5.440000,1.166265,-0.755103,0.463705,0.136748,0.000000,-0.000000,-1.784321,0.683190,0.000000,0.000000,0.351029,0.102960,11.326949
5.460000,1.175253,-0.752212,0.435158,0.152346,-0.000000,0.000000,-1.760275,0.657474,0.000000,0.000000,0.339744,0.118799,11.315888
5.480000,1.183672,-0.749010,0.406769,0.167751,0.000000,0.000000,-1.738697,0.633276,0.000000,0.000000,0.319877,0.132525,11.308553
5.500000,1.191525,-0.745502,0.378465,0.183020,-0.000000,0.000000,-1.719510,0.610454,0.000000,0.000000,0.308684,0.149766,11.298306
5.520000,1.198811,-0.741691,0.350223,0.198137,-0.000000,0.000000,-1.702643,0.588875,0.000000,0.000000,0.290742,0.165120,11.290430
5.540000,1.205533,-0.737578,0.321922,0.213123,-0.000000,-0.000000,-1.688038,0.568422,0.000000,0.000000,0.270234,0.177744,11.285363
5.560000,1.211687,-0.733166,0.293468,0.228006,0.000000,0.000000,-1.675653,0.548985,0.000000,0.000000,0.243694,0.189934,11.282999
5.580000,1.217271,-0.728458,0.264824,0.242822,-0.000000,-0.000000,-1.665456,0.530465,0.000000,0.000000,0.228038,0.208786,11.276332
5.600000,1.222279,-0.723454,0.235931,0.257572,0.000000,0.000000,-1.657426,0.512764,0.000000,0.000000,0.203783,0.222229,11.272277
5.620000,1.226705,-0.718156,0.206685,0.272248,-0.000000,0.000000,-1.651552,0.495793,0.000000,0.000000,0.180733,0.239184,11.267665
5.640000,1.230543,-0.712564,0.177027,0.286868,0.000000,-0.000000,-1.647837,0.479467,0.000000,0.000000,0.155680,0.251628,11.266006
5.660000,1.233784,-0.706681,0.146925,0.301444,0.000000,0.000000,-1.646293,0.463703,0.000000,0.000000,0.129701,0.264755,11.266435
5.680000,1.236417,-0.700507,0.116301,0.315958,0.000000,0.000000,-1.646941,0.448419,0.000000,0.000000,0.102511,0.278669,11.265630
5.700000,1.238432,-0.694043,0.085079,0.330419,-0.000000,-0.000000,-1.649815,0.433534,0.000000,0.000000,0.072481,0.285648,11.270318
5.720000,1.239816,-0.687291,0.053241,0.344799,0.000000,0.000000,-1.654960,0.418968,0.000000,0.000000,0.046190,0.298967,11.270671
5.740000,1.240557,-0.680252,0.020720,0.359077,-0.000000,-0.000000,-1.662429,0.404636,0.000000,0.000000,0.017135,0.307651,11.276471
5.760000,1.240639,-0.672928,-0.012564,0.373281,-0.000000,0.000000,-1.672290,0.390455,0.000000,0.000000,-0.009618,0.317059,11.280678
5.780000,1.240049,-0.665322,-0.046631,0.387341,0.000000,-0.000000,-1.684622,0.376333,0.000000,0.000000,-0.039043,0.317288,11.289648
5.800000,1.238769,-0.657436,-0.081513,0.401210,0.000000,0.000000,-1.699515,0.362176,0.000000,0.000000,-0.067518,0.324211,11.296141
5.820000,1.236782,-0.649274,-0.117278,0.414920,0.000000,-0.000000,-1.717070,0.347883,0.000000,0.000000,-0.092363,0.331966,11.305734
5.840000,1.234072,-0.640840,-0.153947,0.428414,0.000000,0.000000,-1.737406,0.333342,0.000000,0.000000,-0.120140,0.334998,11.314703
5.860000,1.230618,-0.632140,-0.191579,0.441595,0.000000,0.000000,-1.760652,0.318432,0.000000,0.000000,-0.146137,0.331878,11.327570
5.880000,1.226402,-0.623179,-0.230197,0.454411,-0.000000,0.000000,-1.786954,0.303022,0.000000,0.000000,-0.168859,0.332183,11.339357
5.900000,1.221404,-0.613966,-0.269762,0.466844,-0.000000,0.000000,-1.816468,0.286962,0.000000,0.000000,-0.186293,0.321239,11.356787
5.920000,1.215605,-0.604509,-0.310295,0.478796,-0.000000,0.000000,-1.849364,0.270086,0.000000,0.000000,-0.203835,0.316430,11.373277
5.940000,1.208985,-0.594818,-0.351850,0.490215,-0.000000,-0.000000,-1.885829,0.252205,0.000000,0.000000,-0.219623,0.307859,11.391521
5.960000,1.201524,-0.584904,-0.394404,0.501017,0.000000,-0.000000,-1.926069,0.233108,0.000000,0.000000,-0.225964,0.287898,11.415267
5.980000,1.193203,-0.574782,-0.437911,0.511085,0.000000,0.000000,-1.970299,0.212553,0.000000,0.000000,-0.227237,0.267138,11.439233
6.000000,1.184001,-0.564466,-0.482417,0.520319,0.000000,0.000000,-2.018750,0.190264,0.000000,0.000000,-0.230838,0.248064,11.462820
6.020000,1.173899,-0.553975,-0.527893,0.528592,-0.000000,-0.000000,-2.071674,0.165928,0.000000,0.000000,-0.224523,0.218825,11.491565
6.040000,1.162879,-0.543329,-0.574298,0.535814,0.000000,-0.000000,-2.129331,0.139184,0.000000,0.000000,-0.207348,0.185268,11.522547
6.060000,1.150921,-0.532550,-0.621579,0.541909,-0.000000,-0.000000,-2.191999,0.109613,0.000000,0.000000,-0.194470,0.164014,11.551284
6.080000,1.138010,-0.521661,-0.669672,0.546736,0.000000,-0.000000,-2.259957,0.076729,0.000000,0.000000,-0.163108,0.125617,11.586036
6.100000,1.124130,-0.510690,-0.718470,0.550176,-0.000000,-0.000000,-2.333492,0.039967,0.000000,0.000000,-0.115175,0.095292,11.622969
6.120000,1.109268,-0.499664,-0.767843,0.552079,-0.000000,0.000000,-2.412880,-0.001329,0.000000,0.000000,-0.058555,0.052262,11.661432
6.140000,1.093413,-0.488618,-0.817734,0.552229,0.000000,-0.000000,-2.498382,-0.047919,0.000000,0.000000,0.000751,0.005225,11.699379
6.160000,1.076555,-0.477588,-0.868050,0.550470,0.000000,-0.000000,-2.590243,-0.100689,0.000000,0.000000,0.072039,-0.034396,11.740816
6.180000,1.058688,-0.466613,-0.918733,0.546639,0.000000,0.000000,-2.688670,-0.160673,0.000000,0.000000,0.159021,-0.090043,11.784201
6.200000,1.039804,-0.455737,-0.969667,0.540555,-0.000000,0.000000,-2.793813,-0.229086,0.000000,0.000000,0.237782,-0.130226,11.825970
6.220000,1.019900,-0.445007,-1.020806,0.532048,0.000000,0.000000,-2.905739,-0.307357,0.000000,0.000000,0.341318,-0.182692,11.872524
6.240000,0.998972,-0.434473,-1.071993,0.520895,0.000000,0.000000,-3.024389,-0.397174,0.000000,0.000000,0.467035,-0.230137,11.921079
6.260000,0.977020,-0.424190,-1.123156,0.506938,0.000000,0.000000,-3.149522,-0.500535,0.000000,0.000000,0.592908,-0.266547,11.968837
6.280000,0.954047,-0.414216,-1.174116,0.489918,0.000000,-0.000000,-3.280639,-0.619817,0.000000,0.000000,0.737046,-0.312429,12.019337
6.300000,0.930058,-0.404615,-1.224774,0.469594,-0.000000,0.000000,-3.416869,-0.757846,0.000000,0.000000,0.889951,-0.343978,12.069794
6.320000,0.905059,-0.395456,-1.274941,0.445671,-0.000000,-0.000000,-3.556824,-0.917997,0.000000,0.000000,1.060675,-0.372857,12.122005
6.340000,0.879064,-0.386815,-1.324458,0.417800,-0.000000,0.000000,-3.698369,-1.104300,0.000000,0.000000,1.237888,-0.391914,12.173550
6.360000,0.852087,-0.378773,-1.373137,0.385588,-0.000000,-0.000000,-3.838317,-1.321569,0.000000,0.000000,1.429254,-0.404685,12.227512
6.380000,0.824147,-0.371423,-1.420635,0.348614,-0.000000,0.000000,-3.971958,-1.575531,0.000000,0.000000,1.626573,-0.401756,12.278773
6.400000,0.795271,-0.364864,-1.466602,0.306307,0.000000,-0.000000,-4.092367,-1.872939,0.000000,0.000000,1.838546,-0.386284,12.331818
6.420000,0.765495,-0.359210,-1.510609,0.258039,-0.000000,0.000000,-4.189421,-2.221612,0.000000,0.000000,2.048076,-0.353874,12.383810
6.440000,0.734864,-0.354587,-1.551988,0.203095,0.000000,0.000000,-4.248288,-2.630267,0.000000,0.000000,2.269760,-0.299381,12.435965
6.460000,0.703440,-0.351137,-1.589709,0.140602,-0.000000,0.000000,-4.247241,-3.107832,0.000000,0.000000,2.473152,-0.223484,12.483501
6.480000,0.671309,-0.349020,-1.622472,0.069616,0.000000,-0.000000,-4.154634,-3.661619,0.000000,0.000000,2.671854,-0.114087,12.528213
6.500000,0.638587,-0.348415,-1.648368,-0.010780,0.000000,0.000000,-3.925065,-4.293200,0.000000,0.000000,2.840757,0.018973,12.567336
6.520000,0.604310,-0.350090,-1.811695,-0.176484,0.000000,0.000000,-3.488100,-5.012951,-10.574240,-5.099537,4.203138,0.410433,12.865981
6.540000,0.566222,-0.355582,-1.990804,-0.373637,0.000000,-0.000000,-2.677917,-5.840009,-11.484182,-5.296958,6.185092,1.159598,13.259987
6.560000,0.524959,-0.365054,-2.127802,-0.573352,-0.000000,-0.000000,-1.223614,-6.615776,-12.645969,-5.517528,8.212659,2.214608,13.636744
6.580000,0.481443,-0.378468,-2.215209,-0.765562,0.000000,0.000000,1.046943,-6.856369,-14.093528,-5.724540,9.962223,3.445905,13.955368
6.600000,0.436675,-0.395497,-2.254787,-0.930748,0.000000,0.000000,3.600163,-5.941211,-15.842163,-5.859985,11.170062,4.611850,14.183605
6.620000,0.391422,-0.415374,-2.269099,-1.047847,0.000000,-0.000000,5.301731,-4.132213,-17.874177,-5.851941,11.913479,5.504066,14.331768
6.640000,0.345856,-0.437049,-2.291132,-1.111202,-0.000000,-0.000000,5.851859,-2.389830,-20.144024,-5.633833,12.569026,6.094929,14.449890
6.660000,0.299629,-0.459500,-2.296313,-1.117586,-0.000000,-0.000000,5.713507,-1.154831,0.000000,0.000000,12.684893,6.171707,14.468905
6.680000,0.256992,-0.480948,-1.984273,-1.031515,0.000000,0.000000,5.341486,-0.418772,0.000000,0.000000,7.943483,4.132675,13.709000
6.700000,0.219735,-0.500895,-1.751644,-0.965817,-0.000000,-0.000000,4.953440,0.015821,0.000000,0.000000,5.259760,2.899782,13.208275
6.720000,0.186597,-0.519667,-1.568809,-0.913141,-0.000000,-0.000000,4.596829,0.288467,0.000000,0.000000,3.601931,2.096010,12.855208
6.740000,0.156759,-0.537480,-1.419647,-0.869419,0.000000,-0.000000,4.279486,0.467299,0.000000,0.000000,2.516213,1.540799,12.593534
6.760000,0.129652,-0.554487,-1.294486,-0.832187,0.000000,0.000000,3.999160,0.588371,0.000000,0.000000,1.772244,1.140085,12.391945
6.780000,0.104862,-0.570800,-1.187138,-0.799863,0.000000,0.000000,3.751343,0.672160,0.000000,0.000000,1.246141,0.840128,12.232255
6.800000,0.082076,-0.586507,-1.093434,-0.771371,0.000000,-0.000000,3.531468,0.730985,0.000000,0.000000,0.865419,0.610934,12.103148
6.820000,0.061053,-0.601676,-1.010450,-0.745960,-0.000000,-0.000000,3.335494,0.772618,0.000000,0.000000,0.584130,0.431425,11.996375
6.840000,0.041601,-0.616362,-0.936047,-0.723038,0.000000,0.000000,3.160007,0.802149,0.000000,0.000000,0.374179,0.289352,11.907224
6.860000,0.023565,-0.630611,-0.868630,-0.702168,-0.000000,0.000000,3.002161,0.823018,0.000000,0.000000,0.216664,0.176979,11.832096
6.880000,0.006817,-0.644460,-0.806978,-0.683012,0.000000,0.000000,2.859594,0.837615,0.000000,0.000000,0.096186,0.082740,11.766982
6.900000,-0.008746,-0.657941,-0.750135,-0.665297,0.000000,0.000000,2.730339,0.847637,0.000000,0.000000,0.004462,0.004080,11.710232
6.920000,-0.023215,-0.671080,-0.697346,-0.648815,0.000000,0.000000,2.612751,0.854314,0.000000,0.000000,-0.062220,-0.054396,11.663135
6.940000,-0.036663,-0.683900,-0.647995,-0.633384,-0.000000,-0.000000,2.505446,0.858551,0.000000,0.000000,-0.115321,-0.111872,11.618409
6.960000,-0.049154,-0.696421,-0.601579,-0.618849,0.000000,0.000000,2.407256,0.861027,0.000000,0.000000,-0.152681,-0.155365,11.580720
6.980000,-0.060743,-0.708660,-0.557681,-0.605092,-0.000000,0.000000,2.317186,0.862254,0.000000,0.000000,-0.179123,-0.191869,11.547282
7.000000,-0.071476,-0.720630,-0.515954,-0.592012,0.000000,-0.000000,2.234385,0.862629,0.000000,0.000000,-0.197110,-0.224522,11.516721
7.020000,-0.081394,-0.732344,-0.476096,-0.579510,-0.000000,0.000000,2.158121,0.862456,0.000000,0.000000,-0.206600,-0.248548,11.491042
7.040000,-0.090531,-0.743813,-0.437857,-0.567504,0.000000,0.000000,2.087764,0.861979,0.000000,0.000000,-0.212074,-0.272916,11.465766
7.060000,-0.098917,-0.755047,-0.401012,-0.555917,0.000000,0.000000,2.022766,0.861388,0.000000,0.000000,-0.212353,-0.294083,11.442590
7.080000,-0.106579,-0.766053,-0.365372,-0.544694,-0.000000,0.000000,1.962647,0.860839,0.000000,0.000000,-0.207971,-0.305690,11.424420
7.100000,-0.113539,-0.776837,-0.330768,-0.533764,0.000000,-0.000000,1.906992,0.860459,0.000000,0.000000,-0.200036,-0.321484,11.405582
7.120000,-0.119816,-0.787405,-0.297051,-0.523073,0.000000,0.000000,1.855433,0.860353,0.000000,0.000000,-0.189340,-0.328127,11.391202
7.140000,-0.125426,-0.797761,-0.264089,-0.512569,0.000000,-0.000000,1.807648,0.860608,0.000000,0.000000,-0.176247,-0.336068,11.376894
7.160000,-0.130384,-0.807908,-0.231763,-0.502199,-0.000000,-0.000000,1.763353,0.861303,0.000000,0.000000,-0.160751,-0.348143,11.360541
7.180000,-0.134700,-0.817849,-0.199965,-0.491919,0.000000,0.000000,1.722296,0.862503,0.000000,0.000000,-0.144150,-0.348996,11.350178
7.200000,-0.138385,-0.827585,-0.168597,-0.481682,0.000000,0.000000,1.684254,0.864270,0.000000,0.000000,-0.124849,-0.352664,11.339133
7.220000,-0.141446,-0.837117,-0.137575,-0.471432,-0.000000,-0.000000,1.649029,0.866659,0.000000,0.000000,-0.104397,-0.357099,11.328279
7.240000,-0.143890,-0.846443,-0.106815,-0.461136,-0.000000,-0.000000,1.616446,0.869723,0.000000,0.000000,-0.083647,-0.352057,11.322611
7.260000,-0.145720,-0.855562,-0.076243,-0.450763,-0.000000,-0.000000,1.586348,0.873512,0.000000,0.000000,-0.061054,-0.353420,11.313379
7.280000,-0.146940,-0.864472,-0.045799,-0.440246,-0.000000,0.000000,1.558595,0.878078,0.000000,0.000000,-0.038002,-0.348825,11.307381
7.300000,-0.147552,-0.873171,-0.015403,-0.429588,-0.000000,0.000000,1.533064,0.883472,0.000000,0.000000,-0.015001,-0.339998,11.305226
7.320000,-0.147557,-0.881654,0.014987,-0.418711,0.000000,-0.000000,1.509642,0.889746,0.000000,0.000000,0.011747,-0.343459,11.296157
7.340000,-0.146953,-0.889917,0.045432,-0.407592,0.000000,-0.000000,1.488231,0.896955,0.000000,0.000000,0.033362,-0.327156,11.296042
7.360000,-0.145739,-0.897956,0.075976,-0.396183,-0.000000,0.000000,1.468742,0.905156,0.000000,0.000000,0.063585,-0.331519,11.288884
7.380000,-0.143913,-0.905763,0.106671,-0.384454,-0.000000,0.000000,1.451097,0.914412,0.000000,0.000000,0.085994,-0.313198,11.292949
7.400000,-0.141471,-0.913331,0.137547,-0.372338,-0.000000,-0.000000,1.435225,0.924787,0.000000,0.000000,0.115438,-0.312636,11.286699
7.420000,-0.138409,-0.920653,0.168649,-0.359813,0.000000,0.000000,1.421065,0.936352,0.000000,0.000000,0.139956,-0.298543,11.288189
7.440000,-0.134723,-0.927720,0.199986,-0.346787,-0.000000,0.000000,1.408559,0.949184,0.000000,0.000000,0.161658,-0.278524,11.292413
7.460000,-0.130408,-0.934522,0.231600,-0.333245,0.000000,0.000000,1.397658,0.963365,0.000000,0.000000,0.190655,-0.273166,11.291912
7.480000,-0.125457,-0.941047,0.263526,-0.319165,-0.000000,-0.000000,1.388318,0.978986,0.000000,0.000000,0.218190,-0.264263,11.293172
7.500000,-0.119864,-0.947284,0.295768,-0.304469,0.000000,-0.000000,1.380497,0.996145,0.000000,0.000000,0.239864,-0.245669,11.299723
7.520000,-0.113624,-0.953221,0.328327,-0.289094,0.000000,0.000000,1.374158,1.014950,0.000000,0.000000,0.259022,-0.224928,11.308874
7.540000,-0.106729,-0.958843,0.361218,-0.273001,0.000000,0.000000,1.369267,1.035518,0.000000,0.000000,0.284841,-0.214034,11.311635
7.560000,-0.099173,-0.964136,0.394437,-0.256132,0.000000,-0.000000,1.365789,1.057978,0.000000,0.000000,0.306296,-0.198494,11.318542
7.580000,-0.090950,-0.969083,0.427973,-0.238432,-0.000000,0.000000,1.363692,1.082469,0.000000,0.000000,0.324752,-0.180799,11.327647
7.600000,-0.082052,-0.973667,0.461809,-0.219843,-0.000000,-0.000000,1.362942,1.109146,0.000000,0.000000,0.340452,-0.161929,11.338447
7.620000,-0.072475,-0.977870,0.495928,-0.200316,-0.000000,0.000000,1.363505,1.138178,0.000000,0.000000,0.353460,-0.142622,11.350691
7.640000,-0.062213,-0.981673,0.530306,-0.179806,-0.000000,-0.000000,1.365341,1.169748,0.000000,0.000000,0.363623,-0.123286,11.364297
7.660000,-0.051262,-0.985056,0.564903,-0.158255,0.000000,0.000000,1.368403,1.204059,0.000000,0.000000,0.369489,-0.103116,11.379918
7.680000,-0.039616,-0.987996,0.599665,-0.135606,-0.000000,0.000000,1.372641,1.241332,0.000000,0.000000,0.368093,-0.079792,11.398813
7.700000,-0.027275,-0.990472,0.634518,-0.111789,0.000000,0.000000,1.377990,1.281808,0.000000,0.000000,0.357991,-0.052670,11.421186
7.720000,-0.014236,-0.992459,0.669393,-0.086755,-0.000000,-0.000000,1.384376,1.325751,0.000000,0.000000,0.355090,-0.039143,11.439583
7.740000,-0.000499,-0.993934,0.704236,-0.060475,0.000000,0.000000,1.391706,1.373450,0.000000,0.000000,0.350667,-0.029305,11.457928
7.760000,0.013933,-0.994870,0.738952,-0.032894,0.000000,0.000000,1.399866,1.425218,0.000000,0.000000,0.332837,-0.014163,11.481752
7.780000,0.029057,-0.995240,0.773409,-0.003948,0.000000,0.000000,1.408718,1.481399,0.000000,0.000000,0.301649,0.001341,11.511388
7.800000,0.044867,-0.995018,0.807523,0.026397,-0.000000,-0.000000,1.418091,1.542365,0.000000,0.000000,0.279692,0.009183,11.533954
7.820000,0.061355,-0.994175,0.841142,0.058202,0.000000,0.000000,1.427773,1.608520,0.000000,0.000000,0.232582,0.022484,11.567836
7.840000,0.078509,-0.992680,0.874148,0.091491,-0.000000,-0.000000,1.437509,1.680302,0.000000,0.000000,0.198132,0.020778,11.593811
7.860000,0.096316,-0.990505,0.906382,0.126303,0.000000,0.000000,1.446983,1.758186,0.000000,0.000000,0.138087,0.020236,11.631137
7.880000,0.114758,-0.987618,0.937704,0.162677,-0.000000,-0.000000,1.455808,1.842681,0.000000,0.000000,0.087457,0.015249,11.660499
7.900000,0.133817,-0.983987,0.967932,0.200651,0.000000,0.000000,1.463513,1.934334,0.000000,0.000000,0.017429,0.004940,11.697955
7.920000,0.153467,-0.979581,0.996919,0.240246,0.000000,-0.000000,1.469521,2.033731,0.000000,0.000000,-0.056612,-0.013908,11.735597
7.940000,0.173683,-0.974366,1.024448,0.281490,0.000000,-0.000000,1.473131,2.141490,0.000000,0.000000,-0.132697,-0.036458,11.771907
7.960000,0.194434,-0.968310,1.050342,0.324424,-0.000000,0.000000,1.473485,2.258263,0.000000,0.000000,-0.227059,-0.069220,11.815125
7.980000,0.215685,-0.961378,1.074411,0.369073,0.000000,0.000000,1.469539,2.384725,0.000000,0.000000,-0.315173,-0.108950,11.853893
8.000000,0.237397,-0.953536,1.096411,0.415449,-0.000000,-0.000000,1.460020,2.521565,0.000000,0.000000,-0.412448,-0.156618,11.895275
8.020000,0.259526,-0.944748,1.116142,0.463612,-0.000000,-0.000000,1.443372,2.669470,0.000000,0.000000,-0.526002,-0.220142,11.942929
8.040000,0.282026,-0.934979,1.133345,0.513580,-0.000000,0.000000,1.417699,2.829093,0.000000,0.000000,-0.622797,-0.282626,11.981944
8.060000,0.304842,-0.924193,1.147751,0.565371,-0.000000,0.000000,1.380680,3.001020,0.000000,0.000000,-0.733177,-0.362170,12.026620
8.080000,0.327915,-0.912352,1.159077,0.619053,-0.000000,0.000000,1.329474,3.185705,0.000000,0.000000,-0.848553,-0.457176,12.073415
8.100000,0.351182,-0.899418,1.166988,0.674637,0.000000,-0.000000,1.260605,3.383381,0.000000,0.000000,-0.959442,-0.561337,12.118574
8.120000,0.374569,-0.885354,1.171086,0.732110,0.000000,0.000000,1.169806,3.593928,0.000000,0.000000,-1.063547,-0.664974,12.161244
8.140000,0.397997,-0.870121,1.170949,0.791519,0.000000,0.000000,1.051851,3.816676,0.000000,0.000000,-1.173879,-0.799299,12.208511
8.160000,0.421376,-0.853680,1.166094,0.852883,-0.000000,0.000000,0.900353,4.050120,0.000000,0.000000,-1.278212,-0.951163,12.255012
8.180000,0.444605,-0.835993,1.155903,0.916131,-0.000000,0.000000,0.707531,4.291492,0.000000,0.000000,-1.362707,-1.084639,12.296555
8.200000,0.467572,-0.817022,1.139668,0.981152,0.000000,-0.000000,0.463997,4.536119,0.000000,0.000000,-1.438580,-1.238542,12.338282
8.220000,0.490146,-0.796736,1.116530,1.047710,-0.000000,-0.000000,0.158614,4.776500,0.000000,0.000000,-1.507316,-1.423196,12.381664
8.240000,0.512181,-0.775106,1.085492,1.115458,-0.000000,-0.000000,-0.221422,5.000978,0.000000,0.000000,-1.546758,-1.591542,12.419303
8.260000,0.533505,-0.752114,1.045373,1.183795,-0.000000,0.000000,-0.689993,5.191916,0.000000,0.000000,-1.566884,-1.778113,12.455813
8.280000,0.553926,-0.727757,0.994832,1.251794,0.000000,-0.000000,-1.260415,5.323366,0.000000,0.000000,-1.549846,-1.950447,12.485963
8.300000,0.573219,-0.702054,0.932401,1.318015,-0.000000,0.000000,-1.941839,5.358643,0.000000,0.000000,-1.502405,-2.124682,12.511559
8.320000,0.591166,-0.675005,0.877383,1.416280,0.000000,0.000000,-2.734237,5.248731,6.741023,11.607164,-1.560368,-2.518728,12.595675
8.340000,0.609131,-0.643920,0.915526,1.686211,0.000000,-0.000000,-3.705866,4.887240,7.527639,12.194245,-2.457686,-4.525665,13.048568
8.360000,0.627645,-0.607834,0.932636,1.914572,0.000000,0.000000,-4.822511,4.074031,8.521909,12.896960,-3.303708,-6.778084,13.476020
8.380000,0.646336,-0.567682,0.935002,2.091511,-0.000000,0.000000,-5.802033,2.683497,9.748446,13.674945,-3.973788,-8.888389,13.831915
8.400000,0.665047,-0.524541,0.937775,2.213693,0.000000,-0.000000,-6.247521,0.928948,11.214581,14.468574,-4.483921,-10.583684,14.097540
8.420000,0.683981,-0.479455,0.960470,2.287931,-0.000000,0.000000,-6.037095,-0.674145,12.904311,15.210857,-4.955302,-11.802195,14.286228
8.440000,0.703125,-0.433867,0.893027,2.196517,-0.000000,-0.000000,-5.434642,-1.769394,0.000000,0.000000,-4.128752,-10.154731,14.018654
8.460000,0.719238,-0.392124,0.725781,1.986672,0.000000,0.000000,-4.801354,-2.362510,0.000000,0.000000,-2.522659,-6.903309,13.444486
8.480000,0.732398,-0.354116,0.595121,1.819923,-0.000000,0.000000,-4.248737,-2.667082,0.000000,0.000000,-1.587274,-4.853866,13.040671
8.500000,0.743208,-0.319133,0.489364,1.682411,0.000000,0.000000,-3.784086,-2.814118,0.000000,0.000000,-1.015100,-3.485558,12.742879
8.520000,0.752090,-0.286680,0.401332,1.565869,0.000000,-0.000000,-3.394948,-2.872823,0.000000,0.000000,-0.647816,-2.527091,12.514061
8.540000,0.759349,-0.256394,0.326391,1.464994,-0.000000,0.000000,-3.067004,-2.880835,0.000000,0.000000,-0.410874,-1.838350,12.334450
8.560000,0.765212,-0.228000,0.261396,1.376178,-0.000000,0.000000,-2.788068,-2.859428,0.000000,0.000000,-0.254817,-1.329241,12.189693
8.580000,0.769856,-0.201284,0.204147,1.296869,0.000000,0.000000,-2.548506,-2.821063,0.000000,0.000000,-0.147926,-0.939390,12.069320
8.600000,0.773419,-0.176075,0.153047,1.225193,-0.000000,0.000000,-2.340851,-2.773261,0.000000,0.000000,-0.083704,-0.649307,11.971661
8.620000,0.776011,-0.152235,0.106915,1.159747,-0.000000,0.000000,-2.159314,-2.720672,0.000000,0.000000,-0.038180,-0.414167,11.885751
8.640000,0.777722,-0.129650,0.064850,1.099440,0.000000,0.000000,-1.999372,-2.666212,0.000000,0.000000,-0.014194,-0.235560,11.814259
8.660000,0.778627,-0.108228,0.026150,1.043408,-0.000000,-0.000000,-1.857460,-2.611734,0.000000,0.000000,-0.002367,-0.094048,11.752211
8.680000,0.778787,-0.087890,-0.009735,0.990958,0.000000,-0.000000,-1.730736,-2.558416,0.000000,0.000000,-0.000182,0.016991,11.698573
8.700000,0.778254,-0.068570,-0.043243,0.941527,0.000000,0.000000,-1.616910,-2.507006,0.000000,0.000000,-0.006420,0.100394,11.653628
8.720000,0.777071,-0.050212,-0.074729,0.894656,0.000000,0.000000,-1.514116,-2.457967,0.000000,0.000000,-0.014455,0.172838,11.610547
8.740000,0.775276,-0.032769,-0.104488,0.849945,0.000000,-0.000000,-1.420818,-2.411579,0.000000,0.000000,-0.027663,0.224262,11.575206
8.760000,0.772901,-0.016202,-0.132753,0.807065,0.000000,-0.000000,-1.335743,-2.367997,0.000000,0.000000,-0.044345,0.262862,11.544149
8.780000,0.769974,-0.000477,-0.159731,0.765728,-0.000000,0.000000,-1.257821,-2.327299,0.000000,0.000000,-0.060821,0.294001,11.515237
8.800000,0.766520,0.014435,-0.185578,0.725687,0.000000,-0.000000,-1.186152,-2.289509,0.000000,0.000000,-0.081226,0.317634,11.488297
8.820000,0.762558,0.028558,-0.210446,0.686715,0.000000,-0.000000,-1.119967,-2.254618,0.000000,0.000000,-0.101297,0.330396,11.466575
8.840000,0.758108,0.041910,-0.234448,0.648639,0.000000,0.000000,-1.058606,-2.222598,0.000000,0.000000,-0.120237,0.337040,11.447599
8.860000,0.753185,0.054508,-0.257670,0.611263,0.000000,0.000000,-1.001496,-2.193406,0.000000,0.000000,-0.143162,0.340946,11.428372
8.880000,0.747805,0.066364,-0.280227,0.574453,-0.000000,-0.000000,-0.948141,-2.166999,0.000000,0.000000,-0.163911,0.336924,11.413981
8.900000,0.741980,0.077489,-0.302167,0.538043,-0.000000,0.000000,-0.898101,-2.143330,0.000000,0.000000,-0.186015,0.331919,11.398778
8.920000,0.735722,0.087888,-0.323561,0.501924,-0.000000,0.000000,-0.850988,-2.122355,0.000000,0.000000,-0.205817,0.321577,11.387137
8.940000,0.729041,0.097567,-0.344426,0.465956,0.000000,0.000000,-0.806456,-2.104034,0.000000,0.000000,-0.220544,0.306782,11.379502
8.960000,0.721948,0.106527,-0.364856,0.430047,0.000000,0.000000,-0.764189,-2.088334,0.000000,0.000000,-0.247503,0.292466,11.367279
8.980000,0.714450,0.114768,-0.384851,0.394075,-0.000000,0.000000,-0.723904,-2.075230,0.000000,0.000000,-0.267729,0.274191,11.359269
9.000000,0.706557,0.122289,-0.404426,0.357950,-0.000000,-0.000000,-0.685337,-2.064701,0.000000,0.000000,-0.282827,0.252863,11.355013
9.020000,0.698276,0.129084,-0.423606,0.321574,-0.000000,-0.000000,-0.648245,-2.056737,0.000000,0.000000,-0.300251,0.229629,11.351010
9.040000,0.689615,0.135149,-0.442380,0.284856,-0.000000,-0.000000,-0.612397,-2.051334,0.000000,0.000000,-0.319467,0.205771,11.345999
9.060000,0.680583,0.140476,-0.460754,0.247723,-0.000000,-0.000000,-0.577577,-2.048498,0.000000,0.000000,-0.331469,0.179913,11.345584
9.080000,0.671188,0.145055,-0.478727,0.210090,-0.000000,0.000000,-0.543572,-2.048244,0.000000,0.000000,-0.341144,0.152430,11.347798
9.100000,0.661437,0.148876,-0.496242,0.171886,-0.000000,0.000000,-0.510177,-2.050593,0.000000,0.000000,-0.357444,0.124532,11.346168
9.120000,0.651341,0.151926,-0.513298,0.133048,0.000000,-0.000000,-0.477190,-2.055575,0.000000,0.000000,-0.368182,0.095625,11.348269
9.140000,0.640909,0.154193,-0.529862,0.093509,0.000000,-0.000000,-0.444405,-2.063230,0.000000,0.000000,-0.364326,0.069778,11.356264
9.160000,0.630150,0.155662,-0.545883,0.053216,0.000000,0.000000,-0.411615,-2.073605,0.000000,0.000000,-0.379517,0.037735,11.358558
9.180000,0.619077,0.156316,-0.561359,0.012102,-0.000000,-0.000000,-0.378604,-2.086754,0.000000,0.000000,-0.378995,0.009952,11.367228
9.200000,0.607700,0.156140,-0.576173,-0.029861,0.000000,-0.000000,-0.345149,-2.102741,0.000000,0.000000,-0.381528,-0.018878,11.374908
9.220000,0.596034,0.155116,-0.590309,-0.072730,-0.000000,0.000000,-0.311013,-2.121632,0.000000,0.000000,-0.371500,-0.042037,11.387412
9.240000,0.584094,0.153225,-0.603648,-0.116519,-0.000000,-0.000000,-0.275946,-2.143504,0.000000,0.000000,-0.374940,-0.072339,11.396532
9.260000,0.571894,0.150449,-0.616115,-0.161255,-0.000000,-0.000000,-0.239678,-2.168433,0.000000,0.000000,-0.356626,-0.090375,11.413808
9.280000,0.559455,0.146768,-0.627629,-0.206959,0.000000,-0.000000,-0.201917,-2.196501,0.000000,0.000000,-0.352544,-0.116079,11.426055
9.300000,0.546797,0.142164,-0.638054,-0.253615,0.000000,-0.000000,-0.162346,-2.227788,0.000000,0.000000,-0.320759,-0.121647,11.447871
9.320000,0.533941,0.136617,-0.647281,-0.301213,0.000000,-0.000000,-0.120618,-2.262375,0.000000,0.000000,-0.312868,-0.144189,11.463579
9.340000,0.520914,0.130109,-0.655254,-0.349790,0.000000,-0.000000,-0.076349,-2.300340,0.000000,0.000000,-0.291131,-0.154761,11.484054
9.360000,0.507741,0.122620,-0.661778,-0.399261,0.000000,0.000000,-0.029114,-2.341750,0.000000,0.000000,-0.255330,-0.150422,11.509908
9.380000,0.494453,0.114132,-0.666772,-0.449633,0.000000,-0.000000,0.021559,-2.386662,0.000000,0.000000,-0.234329,-0.157779,11.531109
9.400000,0.481081,0.104629,-0.670042,-0.500807,0.000000,-0.000000,0.076194,-2.435112,0.000000,0.000000,-0.194723,-0.143202,11.559162
9.420000,0.467663,0.094095,-0.671492,-0.552775,-0.000000,0.000000,0.135376,-2.487112,0.000000,0.000000,-0.154537,-0.123622,11.588718
9.440000,0.454235,0.082514,-0.670916,-0.605401,-0.000000,-0.000000,0.199760,-2.542636,0.000000,0.000000,-0.121935,-0.109756,11.616025
9.460000,0.440841,0.069875,-0.668159,-0.658597,0.000000,0.000000,0.270076,-2.601610,0.000000,0.000000,-0.078617,-0.076866,11.647947
9.480000,0.427524,0.056167,-0.663059,-0.712272,0.000000,-0.000000,0.347139,-2.663896,0.000000,0.000000,-0.021060,-0.014435,11.686320
9.500000,0.414335,0.041382,-0.655419,-0.766276,0.000000,-0.000000,0.431863,-2.729275,0.000000,0.000000,0.011463,0.013404,11.715893
9.520000,0.401326,0.025514,-0.645071,-0.820485,-0.000000,0.000000,0.525264,-2.797425,0.000000,0.000000,0.073868,0.107658,11.757517
9.540000,0.388552,0.008562,-0.631833,-0.874758,-0.000000,0.000000,0.628481,-2.867892,0.000000,0.000000,0.104356,0.144507,11.789728
9.560000,0.376073,-0.009476,-0.615522,-0.928950,0.000000,0.000000,0.742781,-2.940054,0.000000,0.000000,0.157743,0.247497,11.832811
9.580000,0.363953,-0.028595,-0.595945,-0.982902,0.000000,-0.000000,0.869572,-3.013076,0.000000,0.000000,0.193401,0.321235,11.868883
9.600000,0.352258,-0.048788,-0.572873,-1.036328,0.000000,0.000000,1.010409,-3.085852,0.000000,0.000000,0.231867,0.422104,11.909291
9.620000,0.341062,-0.070044,-0.546119,-1.089124,0.000000,0.000000,1.166994,-3.156935,0.000000,0.000000,0.270558,0.554333,11.953938
9.640000,0.330440,-0.092346,-0.515441,-1.140967,0.000000,0.000000,1.341181,-3.224443,0.000000,0.000000,0.292980,0.648857,11.991334
9.660000,0.320472,-0.115674,-0.480605,-1.191571,-0.000000,0.000000,1.534948,-3.285956,0.000000,0.000000,0.317089,0.811919,12.037947
9.680000,0.311245,-0.140000,-0.441379,-1.240719,0.000000,0.000000,1.750371,-3.338367,0.000000,0.000000,0.324477,0.912814,12.074748
9.700000,0.302848,-0.165291,-0.397499,-1.288004,0.000000,-0.000000,1.989559,-3.377722,0.000000,0.000000,0.325304,1.064040,12.117515
9.720000,0.295378,-0.191506,-0.348704,-1.333086,0.000000,0.000000,2.254535,-3.399001,0.000000,0.000000,0.311821,1.227462,12.160486
9.740000,0.288935,-0.218595,-0.294716,-1.375365,0.000000,0.000000,2.547045,-3.395873,0.000000,0.000000,0.288577,1.346965,12.196781
9.760000,0.283626,-0.246498,-0.235254,-1.414314,0.000000,0.000000,2.868258,-3.360421,0.000000,0.000000,0.245990,1.510242,12.237585
9.780000,0.279563,-0.275141,-0.170046,-1.449289,0.000000,-0.000000,3.218310,-3.282861,0.000000,0.000000,0.188927,1.652241,12.274027
9.800000,0.276863,-0.304436,-0.098889,-1.479317,-0.000000,-0.000000,3.595608,-3.151298,0.000000,0.000000,0.118171,1.774924,12.306775
9.820000,0.275648,-0.334276,-0.021594,-1.503516,0.000000,-0.000000,3.995847,-2.951658,0.000000,0.000000,0.022325,1.911161,12.340030
9.840000,0.276041,-0.364530,0.061860,-1.520647,-0.000000,-0.000000,4.410669,-2.667951,0.000000,0.000000,-0.097438,2.037573,12.369939
9.860000,0.278163,-0.395045,0.151302,-1.529263,-0.000000,-0.000000,4.825958,-2.283247,0.000000,0.000000,-0.217889,2.106694,12.391864
9.880000,0.282130,-0.425633,0.246242,-1.527747,0.000000,0.000000,5.220070,-1.781791,0.000000,0.000000,-0.352776,2.146460,12.406984
9.900000,0.288043,-0.456076,0.345778,-1.514384,0.000000,0.000000,5.562572,-1.152738,0.000000,0.000000,-0.489435,2.141676,12.414116
9.920000,0.295982,-0.486118,0.448418,-1.487449,-0.000000,0.000000,5.814768,-0.395647,0.000000,0.000000,-0.643729,2.115674,12.416363
9.940000,0.306474,-0.516309,0.635495,-1.588779,-0.000000,0.000000,5.936718,0.500300,7.469747,-13.173880,-1.230604,3.069721,12.672394
9.960000,0.321551,-0.549877,0.868356,-1.761373,-0.000000,0.000000,5.848357,1.634623,7.642401,-14.298789,-2.481429,5.033002,13.135801
9.980000,0.341008,-0.586496,1.071290,-1.894045,-0.000000,-0.000000,5.383352,2.928685,7.812362,-15.702734,-4.011502,7.086597,13.576170
10.000000,0.364123,-0.625410,1.232337,-1.992717,0.000000,0.000000,4.465991,4.121948,7.926473,-17.383065,-5.556322,8.975083,13.954562
